Country,Code,ContinentCode,Year,Month,Money supply billion currency units,Unemployment rate percent,Stock market index
Australia,AUS,OC,1996,1,308.47,9.1,39.97
Australia,AUS,OC,1996,2,309.2,9.24,40.29
Australia,AUS,OC,1996,3,310.38,8.8,39.87
Australia,AUS,OC,1996,4,310.84,8.66,39.99
Australia,AUS,OC,1996,5,310.18,8.37,40.14
Australia,AUS,OC,1996,6,314.07,8.01,39.38
Australia,AUS,OC,1996,7,320,8.03,38.23
Australia,AUS,OC,1996,8,320.37,8.46,39.57
Australia,AUS,OC,1996,9,320.43,8.58,39.71
Australia,AUS,OC,1996,10,327.95,8.29,41.36
Australia,AUS,OC,1996,11,331.9,8,41.93
Australia,AUS,OC,1996,12,335.35,8.54,42
Australia,AUS,OC,1997,1,335.34,9.19,43.1
Australia,AUS,OC,1997,2,336.68,9.66,43.84
Australia,AUS,OC,1997,3,336.8,8.98,43
Australia,AUS,OC,1997,4,338.79,8.6,42.81
Australia,AUS,OC,1997,5,341.02,8.51,45.08
Australia,AUS,OC,1997,6,343.42,8.1,47.27
Australia,AUS,OC,1997,7,346.88,8.03,48.02
Australia,AUS,OC,1997,8,347.24,8.27,47.18
Australia,AUS,OC,1997,9,348,8.08,47.81
Australia,AUS,OC,1997,10,351.89,7.61,46.88
Australia,AUS,OC,1997,11,353.43,7.55,44.56
Australia,AUS,OC,1997,12,356.96,7.78,45.58
Australia,AUS,OC,1998,1,356.66,8.46,46.8
Australia,AUS,OC,1998,2,357.18,8.63,47.38
Australia,AUS,OC,1998,3,356.09,8.22,48.68
Australia,AUS,OC,1998,4,358.63,7.64,50.34
Australia,AUS,OC,1998,5,360.54,7.74,49.12
Australia,AUS,OC,1998,6,365.21,7.62,46.65
Australia,AUS,OC,1998,7,372.08,7.44,49.16
Australia,AUS,OC,1998,8,373.89,7.55,46.43
Australia,AUS,OC,1998,9,377.33,7.64,45.2
Australia,AUS,OC,1998,10,379.19,6.93,44.63
Australia,AUS,OC,1998,11,380.12,7.22,47.85
Australia,AUS,OC,1998,12,384.57,7.04,48.29
Australia,AUS,OC,1999,1,386.06,7.65,49.89
Australia,AUS,OC,1999,2,387.43,7.92,50.73
Australia,AUS,OC,1999,3,388.71,7.35,51.77
Australia,AUS,OC,1999,4,392.78,7.03,54.44
Australia,AUS,OC,1999,5,397.9,7.01,53.07
Australia,AUS,OC,1999,6,402.85,6.48,52.91
Australia,AUS,OC,1999,7,406.28,6.2,54.55
Australia,AUS,OC,1999,8,408.06,6.72,53.47
Australia,AUS,OC,1999,9,412.49,7.08,52.35
Australia,AUS,OC,1999,10,415.62,6.42,51.14
Australia,AUS,OC,1999,11,418.74,6.06,53.44
Australia,AUS,OC,1999,12,420.19,6.57,56
Australia,AUS,OC,2000,1,419.94,7.25,56.06
Australia,AUS,OC,2000,2,420.92,7.4,56.93
Australia,AUS,OC,2000,3,420.02,6.88,58.45
Australia,AUS,OC,2000,4,423.05,6.45,56.66
Australia,AUS,OC,2000,5,427.94,6.41,55.64
Australia,AUS,OC,2000,6,432.39,5.95,57.56
Australia,AUS,OC,2000,7,435.05,5.51,60.09
Australia,AUS,OC,2000,8,438,5.87,60.52
Australia,AUS,OC,2000,9,441.43,6,59.92
Australia,AUS,OC,2000,10,442.71,5.69,59.39
Australia,AUS,OC,2000,11,437.25,5.89,60.21
Australia,AUS,OC,2000,12,441.08,6.14,59.29
Australia,AUS,OC,2001,1,444.76,6.61,59.69
Australia,AUS,OC,2001,2,449.58,7.28,60.45
Australia,AUS,OC,2001,3,451.42,6.77,59.24
Australia,AUS,OC,2001,4,454.64,6.85,59.45
Australia,AUS,OC,2001,5,461.85,6.87,61.65
Australia,AUS,OC,2001,6,469.25,6.74,62.23
Australia,AUS,OC,2001,7,466.08,6.33,61.38
Australia,AUS,OC,2001,8,473.53,6.64,61.17
Australia,AUS,OC,2001,9,482.23,6.87,56.46
Australia,AUS,OC,2001,10,487.84,6.77,58.17
Australia,AUS,OC,2001,11,494.51,6.47,60.26
Australia,AUS,OC,2001,12,502.25,6.71,61.09
Australia,AUS,OC,2002,1,505.48,7.55,62.35
Australia,AUS,OC,2002,2,507.76,7.34,62.79
Australia,AUS,OC,2002,3,511.81,6.74,62.65
Australia,AUS,OC,2002,4,496.14,6.41,61.58
Australia,AUS,OC,2002,5,500.91,6.36,61.27
Australia,AUS,OC,2002,6,497.35,6.32,59.96
Australia,AUS,OC,2002,7,504.67,5.67,57.25
Australia,AUS,OC,2002,8,511.51,6.11,56.71
Australia,AUS,OC,2002,9,516.7,6.36,56.21
Australia,AUS,OC,2002,10,518.02,5.77,54.38
Australia,AUS,OC,2002,11,526.55,5.74,54.93
Australia,AUS,OC,2002,12,536.49,6.05,54.85
Australia,AUS,OC,2003,1,540.17,6.67,55.27
Australia,AUS,OC,2003,2,542.39,6.7,52.05
Australia,AUS,OC,2003,3,546.65,6.43,51.15
Australia,AUS,OC,2003,4,550.01,6.1,53.91
Australia,AUS,OC,2003,5,561.14,6.07,54.17
Australia,AUS,OC,2003,6,565.57,5.9,55.79
Australia,AUS,OC,2003,7,555.61,5.62,55.9
Australia,AUS,OC,2003,8,568.72,5.59,57.53
Australia,AUS,OC,2003,9,578.21,5.8,58.3
Australia,AUS,OC,2003,10,580.48,5.45,59.29
Australia,AUS,OC,2003,11,587.59,5.26,58.37
Australia,AUS,OC,2003,12,600.85,5.56,58.92
Australia,AUS,OC,2004,1,598.59,6.06,60.13
Australia,AUS,OC,2004,2,605.55,6.36,60.33
Australia,AUS,OC,2004,3,609.72,5.71,62.07
Australia,AUS,OC,2004,4,612.96,5.58,62.63
Australia,AUS,OC,2004,5,613.27,5.34,61.78
Australia,AUS,OC,2004,6,622.69,5.33,63.73
Australia,AUS,OC,2004,7,625.34,5.09,64.23
Australia,AUS,OC,2004,8,629.27,5.3,64.03
Australia,AUS,OC,2004,9,632.05,5.39,65.82
Australia,AUS,OC,2004,10,634.86,4.83,67.57
Australia,AUS,OC,2004,11,644.26,4.79,70.32
Australia,AUS,OC,2004,12,655.36,4.98,72.39
Australia,AUS,OC,2005,1,655.56,5.58,73.98
Australia,AUS,OC,2005,2,656.88,5.73,75.64
Australia,AUS,OC,2005,3,657.23,5.44,76.4
Australia,AUS,OC,2005,4,659.55,5.19,74.07
Australia,AUS,OC,2005,5,666.04,5.11,73.35
Australia,AUS,OC,2005,6,677.93,4.83,77.21
Australia,AUS,OC,2005,7,675.18,4.56,78.45
Australia,AUS,OC,2005,8,678.93,4.7,80.72
Australia,AUS,OC,2005,9,690.2,5.01,82.65
Australia,AUS,OC,2005,10,687.39,4.73,80.97
Australia,AUS,OC,2005,11,693.56,4.57,83.54
Australia,AUS,OC,2005,12,709.56,4.96,84.86
Australia,AUS,OC,2006,1,712.17,5.67,88.11
Australia,AUS,OC,2006,2,712.07,5.74,88.79
Australia,AUS,OC,2006,3,720.08,5.12,90.61
Australia,AUS,OC,2006,4,732.26,5.04,95.26
Australia,AUS,OC,2006,5,734.76,4.81,94.37
Australia,AUS,OC,2006,6,746.74,4.69,90.48
Australia,AUS,OC,2006,7,749.34,4.28,91.49
Australia,AUS,OC,2006,8,759.33,4.51,91.2
Australia,AUS,OC,2006,9,767.77,4.67,92.13
Australia,AUS,OC,2006,10,777.27,4.22,96.24
Australia,AUS,OC,2006,11,783.97,4.19,98.84
Australia,AUS,OC,2006,12,802,4.47,100.87
Australia,AUS,OC,2007,1,802.45,5,103.24
Australia,AUS,OC,2007,2,814.48,5.23,108.05
Australia,AUS,OC,2007,3,823.68,4.71,106.78
Australia,AUS,OC,2007,4,832.56,4.46,111.81
Australia,AUS,OC,2007,5,839.34,4.28,114.7
Australia,AUS,OC,2007,6,868.93,4.21,114.82
Australia,AUS,OC,2007,7,876.3,3.91,115.08
Australia,AUS,OC,2007,8,897.93,4.12,109.44
Australia,AUS,OC,2007,9,913.75,4.21,115.28
Australia,AUS,OC,2007,10,940.79,4.1,121.69
Australia,AUS,OC,2007,11,966.68,4.11,118.61
Australia,AUS,OC,2007,12,983.99,4.21,117.03
Australia,AUS,OC,2008,1,989.79,4.56,107.25
Australia,AUS,OC,2008,2,992.01,4.5,102.69
Australia,AUS,OC,2008,3,998.96,4.3,95.72
Australia,AUS,OC,2008,4,1003.99,4.33,100.68
Australia,AUS,OC,2008,5,1006.88,4.28,105.04
Australia,AUS,OC,2008,6,1033.78,4.13,98.5
Australia,AUS,OC,2008,7,1052.45,3.93,90.6
Australia,AUS,OC,2008,8,1069.53,3.85,90.49
Australia,AUS,OC,2008,9,1090.79,4.28,89.12
Australia,AUS,OC,2008,10,1106.96,4.07,76.62
Australia,AUS,OC,2008,11,1135.12,4.15,68.99
Australia,AUS,OC,2008,12,1143.36,4.43,65.31
Australia,AUS,OC,2009,1,1150.53,5.32,65.27
Australia,AUS,OC,2009,2,1163.23,5.97,62.66
Australia,AUS,OC,2009,3,1139.71,6.04,61.71
Australia,AUS,OC,2009,4,1151.18,5.57,67.56
Australia,AUS,OC,2009,5,1156.7,5.83,69.62
Australia,AUS,OC,2009,6,1175.72,5.73,71.69
Australia,AUS,OC,2009,7,1177.12,5.27,72.19
Australia,AUS,OC,2009,8,1186.96,5.5,79.64
Australia,AUS,OC,2009,9,1187.14,5.61,83.82
Australia,AUS,OC,2009,10,1188.08,5.36,86.38
Australia,AUS,OC,2009,11,1188.47,5.2,85.05
Australia,AUS,OC,2009,12,1189.38,5.32,85.89
Australia,AUS,OC,2010,1,1187.93,5.71,87.97
Australia,AUS,OC,2010,2,1194.83,5.96,83.71
Australia,AUS,OC,2010,3,1207.07,5.75,87.84
Australia,AUS,OC,2010,4,1206.45,5.55,89.55
Australia,AUS,OC,2010,5,1210.94,5.23,81.86
Australia,AUS,OC,2010,6,1228.08,5.01,81.1
Australia,AUS,OC,2010,7,1239.9,4.93,79.98
Australia,AUS,OC,2010,8,1255.78,4.85,81.31
Australia,AUS,OC,2010,9,1264.29,5.04,83.77
Australia,AUS,OC,2010,10,1278.22,5.03,84.78
Australia,AUS,OC,2010,11,1299.93,4.77,85.08
Australia,AUS,OC,2010,12,1311.97,4.74,86.39
Australia,AUS,OC,2011,1,1316.16,5.4,86.74
Australia,AUS,OC,2011,2,1323.05,5.61,88.71
Australia,AUS,OC,2011,3,1330.74,5.23,85.85
Australia,AUS,OC,2011,4,1332.44,5,89.01
Australia,AUS,OC,2011,5,1338.1,5,85.75
Australia,AUS,OC,2011,6,1339.92,4.79,82.7
Australia,AUS,OC,2011,7,1351.6,4.77,82.71
Australia,AUS,OC,2011,8,1376.92,5.09,76.77
Australia,AUS,OC,2011,9,1388.23,5.2,74.2
Australia,AUS,OC,2011,10,1394.24,4.96,76.04
Australia,AUS,OC,2011,11,1400.06,4.89,76.35
Australia,AUS,OC,2011,12,1415.09,5.03,75.97
Australia,AUS,OC,2012,1,1420.86,5.44,76.36
Australia,AUS,OC,2012,2,1421.26,5.86,77.64
Australia,AUS,OC,2012,3,1429.93,5.5,77.59
Australia,AUS,OC,2012,4,1430.08,5.02,78.88
Australia,AUS,OC,2012,5,1448.91,5.17,76.62
Australia,AUS,OC,2012,6,1461.85,5.01,74.02
Australia,AUS,OC,2012,7,1473.04,4.88,75.52
Australia,AUS,OC,2012,8,1486.6,4.98,78.62
Australia,AUS,OC,2012,9,1493.54,5.46,79.39
Australia,AUS,OC,2012,10,1498.78,5.19,81.81
Australia,AUS,OC,2012,11,1502.23,4.92,80.69
Australia,AUS,OC,2012,12,1516.07,5.25,83.59
Australia,AUS,OC,2013,1,1523.26,5.81,86.73
Australia,AUS,OC,2013,2,1518.48,6.09,91.01
Australia,AUS,OC,2013,3,1528.6,5.97,91.73
Australia,AUS,OC,2013,4,1536.53,5.62,91.01
Australia,AUS,OC,2013,5,1553.32,5.56,93.14
Australia,AUS,OC,2013,6,1557.53,5.54,86.96
Australia,AUS,OC,2013,7,1568.93,5.34,89.96
Australia,AUS,OC,2013,8,1570.65,5.66,92.94
Australia,AUS,OC,2013,9,1583.4,5.67,95.2
Australia,AUS,OC,2013,10,1592.49,5.6,96.26
Australia,AUS,OC,2013,11,1600.28,5.43,97.72
Australia,AUS,OC,2013,12,1620.64,5.68,95.02
Australia,AUS,OC,2014,1,1626.93,6.38,96.18
Australia,AUS,OC,2014,2,1628.38,6.81,96.74
Australia,AUS,OC,2014,3,1631.48,6.23,97.89
Australia,AUS,OC,2014,4,1642.22,5.82,99.25
Australia,AUS,OC,2014,5,1653.63,5.85,99.68
Australia,AUS,OC,2014,6,1665.29,5.88,99.05
Australia,AUS,OC,2014,7,1686.32,6.04,100.64
Australia,AUS,OC,2014,8,1697.35,5.96,101.43
Australia,AUS,OC,2014,9,1710.77,6.08,99.8
Australia,AUS,OC,2014,10,1714.78,6.11,97.03
Australia,AUS,OC,2014,11,1716.22,5.88,98.87
Australia,AUS,OC,2014,12,1736.41,5.88,96.76
Australia,AUS,OC,2015,1,1740.21,6.81,98.79
Australia,AUS,OC,2015,2,1752.35,6.67,106.34
Australia,AUS,OC,2015,3,1753.48,6.47,107.21
Australia,AUS,OC,2015,4,1764.33,6.13,107.47
Australia,AUS,OC,2015,5,1765.08,5.84,103.88
Australia,AUS,OC,2015,6,1777.51,5.85,101.25
Australia,AUS,OC,2015,7,1804.02,6.15,101.72
Australia,AUS,OC,2015,8,1803.7,6.1,97.81
Australia,AUS,OC,2015,9,1816.32,6.02,92.41
Australia,AUS,OC,2015,10,1820.5,5.67,95.34
Australia,AUS,OC,2015,11,1830.21,5.46,94.16
Australia,AUS,OC,2015,12,1838.91,5.52,93.62
Australia,AUS,OC,2016,1,1850.27,6.49,90.9
Australia,AUS,OC,2016,2,1849.1,6.17,89.4
Australia,AUS,OC,2016,3,1858.93,6,92.96
Australia,AUS,OC,2016,4,1864.9,5.67,92.92
Australia,AUS,OC,2016,5,1868.93,5.62,97.26
Australia,AUS,OC,2016,6,1880.6,5.54,95.57
Australia,AUS,OC,2016,7,1911.14,5.58,98.38
Australia,AUS,OC,2016,8,1915.07,5.61,100.49
Australia,AUS,OC,2016,9,1917.54,5.51,97.55
Australia,AUS,OC,2016,10,1929.71,5.34,98.73
Australia,AUS,OC,2016,11,1942.28,5.37,97.32
Australia,AUS,OC,2016,12,1961.54,5.62,101.35
Australia,AUS,OC,2017,1,1978.29,6.14,103.9
Australia,AUS,OC,2017,2,1980.46,6.35,104.23
Australia,AUS,OC,2017,3,1984.46,6.22,105.1
Australia,AUS,OC,2017,4,2004.61,5.66,107.05
Australia,AUS,OC,2017,5,2009.22,5.44,105.87
Australia,AUS,OC,2017,6,2027.29,5.45,104.42
Australia,AUS,OC,2017,7,2043.73,5.49,104.37
Australia,AUS,OC,2017,8,2045.37,5.51,104.47
Australia,AUS,OC,2017,9,2048.1,5.32,103.76
Australia,AUS,OC,2017,10,2057.11,5.12,106
Australia,AUS,OC,2017,11,2056.73,5.04,108.86
Australia,AUS,OC,2017,12,2049.36,5.4,109.75
Australia,AUS,OC,2018,1,2063.06,5.96,110.33
Australia,AUS,OC,2018,2,2055.83,6.04,108.24
Australia,AUS,OC,2018,3,2058.32,5.86,107.49
Australia,AUS,OC,2018,4,2055.32,5.58,106.52
Australia,AUS,OC,2018,5,2058.68,5.29,110.44
Australia,AUS,OC,2018,6,2065.41,5.17,111.17
Australia,AUS,OC,2018,7,2083.55,5.2,113.74
Australia,AUS,OC,2018,8,2095.51,5.27,114.51
Australia,AUS,OC,2018,9,2091.63,4.89,112.69
Australia,AUS,OC,2018,10,2099.73,4.77,108.11
Australia,AUS,OC,2018,11,2095.79,4.75,105.16
Australia,AUS,OC,2018,12,2098.89,4.81,102.06
Australia,AUS,OC,2019,1,2117.91,5.45,105.49
Australia,AUS,OC,2019,2,2121,5.38,110.62
Australia,AUS,OC,2019,3,2140.59,5.41,112.58
Australia,AUS,OC,2019,4,2144.98,5.27,114.2
Australia,AUS,OC,2019,5,2142.12,5.1,116.07
Australia,AUS,OC,2019,6,2147.59,5.09,119.08
Australia,AUS,OC,2019,7,2134.9,5.17,122.3
Australia,AUS,OC,2019,8,2135.4,5.26,119.14
Australia,AUS,OC,2019,9,2137.81,5.08,121.36
Australia,AUS,OC,2019,10,2148.96,5.05,121.03
Australia,AUS,OC,2019,11,2151.66,4.79,122.84
Australia,AUS,OC,2019,12,2149.08,4.84,123.22
Australia,AUS,OC,2020,1,2168.02,5.7,126.54
Australia,AUS,OC,2020,2,2167.29,5.51,127.13
Australia,AUS,OC,2020,3,2235.63,5.56,98.79
Australia,AUS,OC,2020,4,2304.64,6.41,96.87
Australia,AUS,OC,2020,5,2309.16,6.91,100.18
Australia,AUS,OC,2020,6,2330.98,7.23,108.02
Australia,AUS,OC,2020,7,2370.05,7.38,109.45
Australia,AUS,OC,2020,8,2387.29,6.83,110.87
Australia,AUS,OC,2020,9,2398.93,6.74,107.79
Australia,AUS,OC,2020,10,2411.28,6.64,110.73
Australia,AUS,OC,2020,11,2420.65,6.35,116.67
Australia,AUS,OC,2020,12,2422.09,6.28,121.21
Australia,AUS,OC,2021,1,2445.87,6.85,122.26
Australia,AUS,OC,2021,2,2440.9,6.27,124.11
Australia,AUS,OC,2021,3,2454.34,5.98,123.19
Australia,AUS,OC,2021,4,2464.73,5.51,127.32
Australia,AUS,OC,2021,5,2468.68,4.98,128.67
Australia,AUS,OC,2021,6,2511.62,4.82,132.88
Australia,AUS,OC,2021,7,2556.38,4.59,133.61
Australia,AUS,OC,2021,8,2556.42,4.57,136.95
Australia,AUS,OC,2021,9,2591.08,4.56,134.69
Australia,AUS,OC,2021,10,2605.45,5.02,133.61
Australia,AUS,OC,2021,11,2619.48,4.27,134.47
Australia,AUS,OC,2021,12,2649.72,3.98,133.95
Australia,AUS,OC,2022,1,2659.4,4.5,
Australia,AUS,OC,2022,2,2649.09,4.34,
Australia,AUS,OC,2022,3,2680.87,4.16,
Australia,AUS,OC,2022,4,2699.6,3.92,
Australia,AUS,OC,2022,5,2720.61,3.81,
Australia,AUS,OC,2022,6,2759.05,3.43,
Australia,AUS,OC,2022,7,2788.98,,
Australia,AUS,OC,2022,8,,,
Australia,AUS,OC,2022,9,,,
Australia,AUS,OC,2022,10,,,
Australia,AUS,OC,2022,11,,,
Australia,AUS,OC,2022,12,,,
Canada,CAN,NA,1996,1,442.37,10.3,34.65
Canada,CAN,NA,1996,2,444.6,10.2,34.41
Canada,CAN,NA,1996,3,446.27,10.3,34.67
Canada,CAN,NA,1996,4,446.48,9.7,35.89
Canada,CAN,NA,1996,5,448.03,9.3,36.59
Canada,CAN,NA,1996,6,449.43,9.4,35.18
Canada,CAN,NA,1996,7,447.13,9.8,34.38
Canada,CAN,NA,1996,8,447.62,9.3,35.87
Canada,CAN,NA,1996,9,449.02,9,36.9
Canada,CAN,NA,1996,10,448.99,9.2,39.05
Canada,CAN,NA,1996,11,447.73,9.5,41.96
Canada,CAN,NA,1996,12,448.42,9.3,41.33
Canada,CAN,NA,1997,1,449.27,10.3,42.61
Canada,CAN,NA,1997,2,449.19,10.3,42.94
Canada,CAN,NA,1997,3,447.8,10,40.8
Canada,CAN,NA,1997,4,448.52,9.8,41.68
Canada,CAN,NA,1997,5,448.94,9.5,44.51
Canada,CAN,NA,1997,6,449.57,8.8,44.9
Canada,CAN,NA,1997,7,446.92,9.1,47.96
Canada,CAN,NA,1997,8,446.33,8.8,46.11
Canada,CAN,NA,1997,9,445.83,8.1,49.1
Canada,CAN,NA,1997,10,445.04,8.2,47.72
Canada,CAN,NA,1997,11,446.05,8.5,45.42
Canada,CAN,NA,1997,12,445.47,8,46.72
Canada,CAN,NA,1998,1,444.81,9.5,46.73
Canada,CAN,NA,1998,2,442.84,9.2,49.46
Canada,CAN,NA,1998,3,440.92,9,52.71
Canada,CAN,NA,1998,4,440.59,8.6,53.46
Canada,CAN,NA,1998,5,441.84,8.4,52.93
Canada,CAN,NA,1998,6,441.64,8,51.38
Canada,CAN,NA,1998,7,442.49,8.4,48.34
Canada,CAN,NA,1998,8,444.07,8,38.57
Canada,CAN,NA,1998,9,445.75,7.5,39.15
Canada,CAN,NA,1998,10,447.4,7.4,43.3
Canada,CAN,NA,1998,11,448.11,7.7,44.24
Canada,CAN,NA,1998,12,449.24,7.7,45.23
Canada,CAN,NA,1999,1,452.56,8.6,46.93
Canada,CAN,NA,1999,2,453.71,8.5,44.02
Canada,CAN,NA,1999,3,455.24,8.4,46.01
Canada,CAN,NA,1999,4,457.64,8.6,48.92
Canada,CAN,NA,1999,5,459.01,8.1,47.71
Canada,CAN,NA,1999,6,458.64,7.2,48.89
Canada,CAN,NA,1999,7,460.38,7.8,49.38
Canada,CAN,NA,1999,8,463.86,7.6,48.61
Canada,CAN,NA,1999,9,465.09,6.8,48.52
Canada,CAN,NA,1999,10,467.46,6.6,50.6
Canada,CAN,NA,1999,11,471.22,6.6,52.47
Canada,CAN,NA,1999,12,476,6.3,58.68
Canada,CAN,NA,2000,1,478.78,7.3,58.96
Canada,CAN,NA,2000,2,483.14,7.3,64.06
Canada,CAN,NA,2000,3,486.89,7.3,66.83
Canada,CAN,NA,2000,4,490.79,7.1,63.72
Canada,CAN,NA,2000,5,491.19,6.7,64.83
Canada,CAN,NA,2000,6,494.85,6.3,69.41
Canada,CAN,NA,2000,7,497.05,7,73.68
Canada,CAN,NA,2000,8,499.19,7.2,76.22
Canada,CAN,NA,2000,9,501.9,6.3,75.42
Canada,CAN,NA,2000,10,504.3,6.4,70.73
Canada,CAN,NA,2000,11,505.09,6.5,64.13
Canada,CAN,NA,2000,12,510.41,6.4,62.88
Canada,CAN,NA,2001,1,508.27,7.5,62.44
Canada,CAN,NA,2001,2,511.62,7.5,60.57
Canada,CAN,NA,2001,3,514.51,7.6,54.84
Canada,CAN,NA,2001,4,515.33,7.4,54.41
Canada,CAN,NA,2001,5,518.55,7.1,56.81
Canada,CAN,NA,2001,6,515.69,6.7,55.12
Canada,CAN,NA,2001,7,517.93,7.3,53.38
Canada,CAN,NA,2001,8,518.66,7.5,53.02
Canada,CAN,NA,2001,9,525.5,6.6,48.66
Canada,CAN,NA,2001,10,527.95,6.7,48.26
Canada,CAN,NA,2001,11,532.3,7.1,50.81
Canada,CAN,NA,2001,12,535.75,7.6,52.63
Canada,CAN,NA,2002,1,538.56,8.7,53.48
Canada,CAN,NA,2002,2,540.33,8.5,52.56
Canada,CAN,NA,2002,3,542.67,8.4,54.83
Canada,CAN,NA,2002,4,544.08,8,54.17
Canada,CAN,NA,2002,5,544.35,7.9,53.44
Canada,CAN,NA,2002,6,547.67,7.1,50.99
Canada,CAN,NA,2002,7,550.78,7.8,46.84
Canada,CAN,NA,2002,8,553.74,7.7,46
Canada,CAN,NA,2002,9,556.28,6.9,44.37
Canada,CAN,NA,2002,10,560.77,6.9,42.88
Canada,CAN,NA,2002,11,562.74,7.1,45
Canada,CAN,NA,2002,12,563.92,7.1,46.06
Canada,CAN,NA,2003,1,566.8,8.1,46.83
Canada,CAN,NA,2003,2,568.83,7.9,45.48
Canada,CAN,NA,2003,3,570.81,7.8,44.45
Canada,CAN,NA,2003,4,573.04,7.9,45.23
Canada,CAN,NA,2003,5,575.17,8,46.93
Canada,CAN,NA,2003,6,579.35,7.1,49.01
Canada,CAN,NA,2003,7,584.73,7.8,49.71
Canada,CAN,NA,2003,8,588.35,8.1,51.41
Canada,CAN,NA,2003,9,590.92,7.3,52.78
Canada,CAN,NA,2003,10,591.61,6.9,53.45
Canada,CAN,NA,2003,11,594.91,7.1,54.53
Canada,CAN,NA,2003,12,598.54,6.9,56.14
Canada,CAN,NA,2004,1,603.18,7.9,59.04
Canada,CAN,NA,2004,2,606.21,7.8,60.54
Canada,CAN,NA,2004,3,609.35,7.8,60.09
Canada,CAN,NA,2004,4,611.76,7.5,60.34
Canada,CAN,NA,2004,5,615.42,7.3,57.65
Canada,CAN,NA,2004,6,620.31,6.7,58.81
Canada,CAN,NA,2004,7,621.35,7.3,58.77
Canada,CAN,NA,2004,8,623.63,7.5,57.79
Canada,CAN,NA,2004,9,623.95,6.5,59.23
Canada,CAN,NA,2004,10,626.79,6.5,61.33
Canada,CAN,NA,2004,11,628.87,6.8,62.3
Canada,CAN,NA,2004,12,635.54,6.7,63.72
Canada,CAN,NA,2005,1,641.08,7.5,63.43
Canada,CAN,NA,2005,2,645.17,7.4,66.46
Canada,CAN,NA,2005,3,647.37,7.4,67.58
Canada,CAN,NA,2005,4,649.84,7,66.08
Canada,CAN,NA,2005,5,652.34,7,66.05
Canada,CAN,NA,2005,6,654.61,6.3,68.76
Canada,CAN,NA,2005,7,653.3,6.9,71.35
Canada,CAN,NA,2005,8,655.39,7.1,73.68
Canada,CAN,NA,2005,9,658.96,6.3,76.09
Canada,CAN,NA,2005,10,664.07,6.1,73.18
Canada,CAN,NA,2005,11,666.63,6,74.95
Canada,CAN,NA,2005,12,672.11,6.1,77.82
Canada,CAN,NA,2006,1,675.77,7.2,81.21
Canada,CAN,NA,2006,2,682.75,6.7,82.09
Canada,CAN,NA,2006,3,686.89,6.8,83.49
Canada,CAN,NA,2006,4,690.94,6.6,85.7
Canada,CAN,NA,2006,5,692.72,6.2,83.04
Canada,CAN,NA,2006,6,697.25,5.7,79.09
Canada,CAN,NA,2006,7,703.2,6.7,81.29
Canada,CAN,NA,2006,8,709.29,6.9,83.9
Canada,CAN,NA,2006,9,715.58,6,82.2
Canada,CAN,NA,2006,10,721.91,5.6,83.39
Canada,CAN,NA,2006,11,727.52,6,86.63
Canada,CAN,NA,2006,12,732.28,5.8,89.55
Canada,CAN,NA,2007,1,736.06,6.8,88.94
Canada,CAN,NA,2007,2,738.81,6.5,92.1
Canada,CAN,NA,2007,3,743.53,6.6,90.84
Canada,CAN,NA,2007,4,746.34,6.4,94.36
Canada,CAN,NA,2007,5,747.09,6.1,97.2
Canada,CAN,NA,2007,6,753.45,5.7,97.18
Canada,CAN,NA,2007,7,761.95,6.2,98.92
Canada,CAN,NA,2007,8,767.32,6.4,93.58
Canada,CAN,NA,2007,9,772.21,5.5,96.62
Canada,CAN,NA,2007,10,770.54,5.3,99.14
Canada,CAN,NA,2007,11,773.68,5.7,95.81
Canada,CAN,NA,2007,12,780.49,5.6,95.35
Canada,CAN,NA,2008,1,788.84,6.4,92.35
Canada,CAN,NA,2008,2,794.49,6.2,93.08
Canada,CAN,NA,2008,3,802.4,6.5,92.22
Canada,CAN,NA,2008,4,808.47,6.3,96.88
Canada,CAN,NA,2008,5,814.52,6.3,102.03
Canada,CAN,NA,2008,6,820.58,5.7,102.65
Canada,CAN,NA,2008,7,825.52,6.4,95.26
Canada,CAN,NA,2008,8,833.54,6.5,93.24
Canada,CAN,NA,2008,9,844.12,5.6,87.25
Canada,CAN,NA,2008,10,857.85,5.6,67.95
Canada,CAN,NA,2008,11,875.16,6.2,63.07
Canada,CAN,NA,2008,12,890.13,6.4,58.99
Canada,CAN,NA,2009,1,903.77,7.9,62.02
Canada,CAN,NA,2009,2,912.12,8.4,58.93
Canada,CAN,NA,2009,3,922.94,8.9,57.98
Canada,CAN,NA,2009,4,929.64,8.7,64.32
Canada,CAN,NA,2009,5,933.45,8.9,69.87
Canada,CAN,NA,2009,6,938.15,8.2,72.34
Canada,CAN,NA,2009,7,947.48,9,71.81
Canada,CAN,NA,2009,8,956.6,9.1,75.42
Canada,CAN,NA,2009,9,961.07,7.7,78.42
Canada,CAN,NA,2009,10,966.14,7.7,78.79
Canada,CAN,NA,2009,11,971.19,8.1,79.59
Canada,CAN,NA,2009,12,973.18,7.9,80.86
Canada,CAN,NA,2010,1,975.66,8.9,81.31
Canada,CAN,NA,2010,2,983.98,8.7,79.88
Canada,CAN,NA,2010,3,986.94,9,83.46
Canada,CAN,NA,2010,4,989.07,8.6,84.78
Canada,CAN,NA,2010,5,997.45,8.4,82.31
Canada,CAN,NA,2010,6,1002.08,7.5,81.46
Canada,CAN,NA,2010,7,1007.72,8.3,80.53
Canada,CAN,NA,2010,8,1011.83,8.8,81.79
Canada,CAN,NA,2010,9,1017.88,7.5,84.82
Canada,CAN,NA,2010,10,1021.91,7.3,87.65
Canada,CAN,NA,2010,11,1021.91,7.2,89.57
Canada,CAN,NA,2010,12,1026.27,7.2,92.65
Canada,CAN,NA,2011,1,1030.9,8.2,93.42
Canada,CAN,NA,2011,2,1033.73,8.1,97.07
Canada,CAN,NA,2011,3,1038.32,8.3,97.17
Canada,CAN,NA,2011,4,1039.06,8.1,97.38
Canada,CAN,NA,2011,5,1041.58,7.6,95
Canada,CAN,NA,2011,6,1046.76,7.1,91.54
Canada,CAN,NA,2011,7,1050.11,7.7,92.72
Canada,CAN,NA,2011,8,1056.59,7.9,86.53
Canada,CAN,NA,2011,9,1072.17,6.8,84.75
Canada,CAN,NA,2011,10,1081.98,6.8,83.04
Canada,CAN,NA,2011,11,1087.34,7.1,83.95
Canada,CAN,NA,2011,12,1092.65,7,82.76
Canada,CAN,NA,2012,1,1101.09,8.1,85.88
Canada,CAN,NA,2012,2,1100.19,7.8,87.51
Canada,CAN,NA,2012,3,1103.5,7.8,86.92
Canada,CAN,NA,2012,4,1109.1,7.5,84.62
Canada,CAN,NA,2012,5,1116.46,7.5,81.1
Canada,CAN,NA,2012,6,1127.16,6.8,80.17
Canada,CAN,NA,2012,7,1135.09,7.5,81.08
Canada,CAN,NA,2012,8,1140.86,7.8,83.06
Canada,CAN,NA,2012,9,1140.61,6.7,85.56
Canada,CAN,NA,2012,10,1150.44,6.9,86.07
Canada,CAN,NA,2012,11,1157.99,6.8,84.83
Canada,CAN,NA,2012,12,1161.5,6.8,85.77
Canada,CAN,NA,2013,1,1170.02,7.6,88.28
Canada,CAN,NA,2013,2,1179.39,7.4,88.81
Canada,CAN,NA,2013,3,1190.63,7.8,89.1
Canada,CAN,NA,2013,4,1194.82,7.4,85.77
Canada,CAN,NA,2013,5,1193.98,7.2,87.78
Canada,CAN,NA,2013,6,1200.01,6.7,85.23
Canada,CAN,NA,2013,7,1205.46,7.4,86.93
Canada,CAN,NA,2013,8,1216.03,7.7,88.02
Canada,CAN,NA,2013,9,1221.48,6.4,89.34
Canada,CAN,NA,2013,10,1226.66,6.5,91.01
Canada,CAN,NA,2013,11,1235.55,6.6,93.42
Canada,CAN,NA,2013,12,1242.5,6.8,93.14
Canada,CAN,NA,2014,1,1252.08,7.5,95.71
Canada,CAN,NA,2014,2,1250.74,7.5,97.42
Canada,CAN,NA,2014,3,1255.29,7.5,99.6
Canada,CAN,NA,2014,4,1256.22,7.3,100.73
Canada,CAN,NA,2014,5,1261.81,7.2,102.03
Canada,CAN,NA,2014,6,1265.83,6.7,104.33
Canada,CAN,NA,2014,7,1270.31,7.3,106.44
Canada,CAN,NA,2014,8,1279.79,7.5,107.27
Canada,CAN,NA,2014,9,1289.15,6.3,107.16
Canada,CAN,NA,2014,10,1295.04,6.1,100.78
Canada,CAN,NA,2014,11,1296.55,6.2,103.39
Canada,CAN,NA,2014,12,1301.5,6.2,100.11
Canada,CAN,NA,2015,1,1306.7,7,100.9
Canada,CAN,NA,2015,2,1312.18,7.2,105.73
Canada,CAN,NA,2015,3,1317.3,7.5,104.06
Canada,CAN,NA,2015,4,1321.17,7.2,106.61
Canada,CAN,NA,2015,5,1322.65,7.1,105.49
Canada,CAN,NA,2015,6,1330.13,6.5,103.46
Canada,CAN,NA,2015,7,1345.56,7.1,100.71
Canada,CAN,NA,2015,8,1356.18,7.6,97.86
Canada,CAN,NA,2015,9,1366.38,6.5,93.99
Canada,CAN,NA,2015,10,1368,6.3,95.97
Canada,CAN,NA,2015,11,1376.33,6.6,93.62
Canada,CAN,NA,2015,12,1379.17,6.7,91.58
Canada,CAN,NA,2016,1,1391.79,7.6,86.42
Canada,CAN,NA,2016,2,1401.48,7.8,88.01
Canada,CAN,NA,2016,3,1405.75,7.7,93.32
Canada,CAN,NA,2016,4,1412.7,7.5,95.2
Canada,CAN,NA,2016,5,1420.34,7,96.62
Canada,CAN,NA,2016,6,1430.56,6.5,97.93
Canada,CAN,NA,2016,7,1451.71,7.2,100.62
Canada,CAN,NA,2016,8,1461.66,7.6,102.35
Canada,CAN,NA,2016,9,1472.42,6.5,102.11
Canada,CAN,NA,2016,10,1483.69,6.3,102.59
Canada,CAN,NA,2016,11,1494.8,6.4,103.37
Canada,CAN,NA,2016,12,1497,6.5,106.43
Canada,CAN,NA,2017,1,1515.54,7.2,107.94
Canada,CAN,NA,2017,2,1515.23,7,109.14
Canada,CAN,NA,2017,3,1524.49,7.3,108.2
Canada,CAN,NA,2017,4,1536.2,6.8,109.05
Canada,CAN,NA,2017,5,1549.58,6.6,108
Canada,CAN,NA,2017,6,1551.73,6.1,106.76
Canada,CAN,NA,2017,7,1554.23,6.6,105.69
Canada,CAN,NA,2017,8,1550.99,6.9,105.41
Canada,CAN,NA,2017,9,1558.38,5.7,106.56
Canada,CAN,NA,2017,10,1565.9,5.7,110.34
Canada,CAN,NA,2017,11,1572.89,5.5,111.81
Canada,CAN,NA,2017,12,1586.07,5.4,112.28
Canada,CAN,NA,2018,1,1590.03,6.3,113.46
Canada,CAN,NA,2018,2,1593.95,6.2,107.62
Canada,CAN,NA,2018,3,1601.23,6.3,107.99
Canada,CAN,NA,2018,4,1602.42,6.1,107.26
Canada,CAN,NA,2018,5,1604.35,6.1,111.39
Canada,CAN,NA,2018,6,1612.5,5.7,113.35
Canada,CAN,NA,2018,7,1617.28,6,114.55
Canada,CAN,NA,2018,8,1623.21,6.7,113.93
Canada,CAN,NA,2018,9,1633.21,5.5,112.51
Canada,CAN,NA,2018,10,1640.48,5.3,107.84
Canada,CAN,NA,2018,11,1652.11,5.2,105.61
Canada,CAN,NA,2018,12,1666.09,5.3,100.94
Canada,CAN,NA,2019,1,1675.49,6.2,104.62
Canada,CAN,NA,2019,2,1683.96,6.2,110.28
Canada,CAN,NA,2019,3,1696.89,6.3,112.42
Canada,CAN,NA,2019,4,1709.8,6,114.91
Canada,CAN,NA,2019,5,1720.35,5.5,113.82
Canada,CAN,NA,2019,6,1725.97,5.3,113.83
Canada,CAN,NA,2019,7,1737.95,6,115.13
Canada,CAN,NA,2019,8,1749.3,6.4,113.29
Canada,CAN,NA,2019,9,1761.95,5.1,116.27
Canada,CAN,NA,2019,10,1773.88,5.1,114.4
Canada,CAN,NA,2019,11,1784.12,5.5,118.04
Canada,CAN,NA,2019,12,1795.4,5.2,118.8
Canada,CAN,NA,2020,1,1803.71,5.9,121.12
Canada,CAN,NA,2020,2,1818.64,5.9,122.45
Canada,CAN,NA,2020,3,1859.69,8.5,95.94
Canada,CAN,NA,2020,4,1922.75,13.6,98.16
Canada,CAN,NA,2020,5,1967.31,13.8,103.85
Canada,CAN,NA,2020,6,2005.41,11.9,107.96
Canada,CAN,NA,2020,7,2030.96,11.3,111.05
Canada,CAN,NA,2020,8,2058.47,11.1,115.52
Canada,CAN,NA,2020,9,2079.69,8.5,113.21
Canada,CAN,NA,2020,10,2102.61,8.2,113.27
Canada,CAN,NA,2020,11,2119.84,8,116.77
Canada,CAN,NA,2020,12,2119.27,8,122.25
Canada,CAN,NA,2021,1,2138.61,9.8,124.22
Canada,CAN,NA,2021,2,2170.79,8.6,127.35
Canada,CAN,NA,2021,3,2178.34,8.1,130.12
Canada,CAN,NA,2021,4,2203.99,8.4,133.63
Canada,CAN,NA,2021,5,2230.71,8.4,135.62
Canada,CAN,NA,2021,6,2243.01,7.4,140.25
Canada,CAN,NA,2021,7,2267.32,7.7,140.63
Canada,CAN,NA,2021,8,2281.03,7.9,142.65
Canada,CAN,NA,2021,9,2283.69,6.3,143.14
Canada,CAN,NA,2021,10,2287.8,6,144.78
Canada,CAN,NA,2021,11,2308.84,5.6,149.52
Canada,CAN,NA,2021,12,2305.08,5.4,146.07
Canada,CAN,NA,2022,1,2318,6.8,
Canada,CAN,NA,2022,2,2344.87,5.7,
Canada,CAN,NA,2022,3,2348.47,5.7,
Canada,CAN,NA,2022,4,2347.49,5.5,
Canada,CAN,NA,2022,5,2358.52,5.1,
Canada,CAN,NA,2022,6,2367.26,4.7,
Canada,CAN,NA,2022,7,,,
Canada,CAN,NA,2022,8,,,
Canada,CAN,NA,2022,9,,,
Canada,CAN,NA,2022,10,,,
Canada,CAN,NA,2022,11,,,
Canada,CAN,NA,2022,12,,,
France,FRA,EU,1996,1,534.25,,34.5
France,FRA,EU,1996,2,521.41,,35.66
France,FRA,EU,1996,3,521.37,,36.51
France,FRA,EU,1996,4,520.2,,38.24
France,FRA,EU,1996,5,515.78,,38.76
France,FRA,EU,1996,6,525.17,,38.8
France,FRA,EU,1996,7,523.16,,37.4
France,FRA,EU,1996,8,521.3,,36.8
France,FRA,EU,1996,9,523.08,,37.54
France,FRA,EU,1996,10,518.17,,38.9
France,FRA,EU,1996,11,522.51,,40.37
France,FRA,EU,1996,12,548.03,,41.12
France,FRA,EU,1997,1,534.77,,43.59
France,FRA,EU,1997,2,526.63,,46.72
France,FRA,EU,1997,3,536.81,,47.64
France,FRA,EU,1997,4,537.86,,46.58
France,FRA,EU,1997,5,536.25,,48.06
France,FRA,EU,1997,6,548.4,,48.62
France,FRA,EU,1997,7,556.2,,51.97
France,FRA,EU,1997,8,556.92,,51.82
France,FRA,EU,1997,9,557.83,,51.54
France,FRA,EU,1997,10,560.17,,51.22
France,FRA,EU,1997,11,563.68,,48.57
France,FRA,EU,1997,12,589.12,,50.63
France,FRA,EU,1998,1,589.9,,52.57
France,FRA,EU,1998,2,588.53,,56.54
France,FRA,EU,1998,3,594.47,,62.77
France,FRA,EU,1998,4,600.94,,66.91
France,FRA,EU,1998,5,599.13,,69.67
France,FRA,EU,1998,6,610.3,,71.73
France,FRA,EU,1998,7,599.58,,73.43
France,FRA,EU,1998,8,587.43,,68.15
France,FRA,EU,1998,9,598.5,,61
France,FRA,EU,1998,10,596.22,,56.9
France,FRA,EU,1998,11,592.85,,63.51
France,FRA,EU,1998,12,612.45,,64.34
France,FRA,EU,1999,1,631.64,,70.02
France,FRA,EU,1999,2,621.81,,69.89
France,FRA,EU,1999,3,621.76,,70.38
France,FRA,EU,1999,4,620.25,,73.5
France,FRA,EU,1999,5,619.53,,74.9
France,FRA,EU,1999,6,624.95,,76.58
France,FRA,EU,1999,7,635.58,,78.54
France,FRA,EU,1999,8,628.19,,77.1
France,FRA,EU,1999,9,621.21,,80.61
France,FRA,EU,1999,10,621.27,,80.85
France,FRA,EU,1999,11,618.75,,88.12
France,FRA,EU,1999,12,642.48,,96.26
France,FRA,EU,2000,1,641.49,,98.18
France,FRA,EU,2000,2,635.05,,105.37
France,FRA,EU,2000,3,637.5,,109.69
France,FRA,EU,2000,4,647.38,,105.85
France,FRA,EU,2000,5,643.91,,107.9
France,FRA,EU,2000,6,652.45,,110.95
France,FRA,EU,2000,7,660.76,,110.7
France,FRA,EU,2000,8,657.56,,111.97
France,FRA,EU,2000,9,658.48,,111.97
France,FRA,EU,2000,10,655.23,,105.32
France,FRA,EU,2000,11,657.32,,105.48
France,FRA,EU,2000,12,683.81,,100.82
France,FRA,EU,2001,1,689.29,,99.78
France,FRA,EU,2001,2,683.1,,97.41
France,FRA,EU,2001,3,684.8,,90.17
France,FRA,EU,2001,4,690.88,,91.85
France,FRA,EU,2001,5,689.19,,95.86
France,FRA,EU,2001,6,706.02,,91.24
France,FRA,EU,2001,7,712.53,,86.31
France,FRA,EU,2001,8,705.68,,84.85
France,FRA,EU,2001,9,706.74,,71.23
France,FRA,EU,2001,10,710.72,,73.34
France,FRA,EU,2001,11,714.73,,78.01
France,FRA,EU,2001,12,749.88,,78.72
France,FRA,EU,2002,1,743.29,,79
France,FRA,EU,2002,2,735.78,,76.42
France,FRA,EU,2002,3,738.1,,81.22
France,FRA,EU,2002,4,751.53,,80.51
France,FRA,EU,2002,5,741.49,,78.11
France,FRA,EU,2002,6,745.84,,70.79
France,FRA,EU,2002,7,746.88,,62.83
France,FRA,EU,2002,8,746.36,,61.03
France,FRA,EU,2002,9,757.47,,55.7
France,FRA,EU,2002,10,749.28,,53.45
France,FRA,EU,2002,11,758.14,,57.49
France,FRA,EU,2002,12,774.34,,56.36
France,FRA,EU,2003,1,764.97,8.7,54.85
France,FRA,EU,2003,2,763.91,8.7,50.73
France,FRA,EU,2003,3,771.53,8.6,48.53
France,FRA,EU,2003,4,781.67,8.5,51.74
France,FRA,EU,2003,5,786.4,8.3,53.56
France,FRA,EU,2003,6,772.26,8,56.33
France,FRA,EU,2003,7,778.42,7.7,56.92
France,FRA,EU,2003,8,772.28,7.9,58.97
France,FRA,EU,2003,9,772.27,8.2,60.81
France,FRA,EU,2003,10,772.23,8.9,60.82
France,FRA,EU,2003,11,771.76,9.2,62.63
France,FRA,EU,2003,12,803.04,9.4,63.89
France,FRA,EU,2004,1,787.75,9.5,66.38
France,FRA,EU,2004,2,789.3,9.4,67.63
France,FRA,EU,2004,3,798.09,9.1,67.38
France,FRA,EU,2004,4,804.07,8.8,68.79
France,FRA,EU,2004,5,807.01,8.5,66.47
France,FRA,EU,2004,6,809.3,8.2,67.85
France,FRA,EU,2004,7,813.66,8.1,66.76
France,FRA,EU,2004,8,808.79,8.5,65.61
France,FRA,EU,2004,9,814.56,8.7,67.49
France,FRA,EU,2004,10,827.58,9.2,68.06
France,FRA,EU,2004,11,828.57,9.5,69.66
France,FRA,EU,2004,12,851.19,9.3,70.15
France,FRA,EU,2005,1,853.44,9.2,71.68
France,FRA,EU,2005,2,845.98,9,74.37
France,FRA,EU,2005,3,852.29,8.8,75.58
France,FRA,EU,2005,4,865.26,8.7,74.97
France,FRA,EU,2005,5,860.38,8.6,75.27
France,FRA,EU,2005,6,874.21,8.3,78.2
France,FRA,EU,2005,7,887.9,8.2,81.41
France,FRA,EU,2005,8,878.38,8.7,83.11
France,FRA,EU,2005,9,878.44,8.8,84.38
France,FRA,EU,2005,10,888.59,9.3,83.94
France,FRA,EU,2005,11,879.14,9.5,84.99
France,FRA,EU,2005,12,918.26,9.5,88.35
France,FRA,EU,2006,1,911.85,9.7,91.28
France,FRA,EU,2006,2,905.65,9.6,94.04
France,FRA,EU,2006,3,912.3,9.3,96.85
France,FRA,EU,2006,4,943.35,9,98.48
France,FRA,EU,2006,5,926.59,8.7,96.27
France,FRA,EU,2006,6,941.3,8.4,90.71
France,FRA,EU,2006,7,939.83,8.3,92.86
France,FRA,EU,2006,8,935.37,8.7,95.74
France,FRA,EU,2006,9,947.45,8.5,97.52
France,FRA,EU,2006,10,949.6,8.7,101.07
France,FRA,EU,2006,11,948.17,8.7,103.09
France,FRA,EU,2006,12,989.87,8.6,104.02
France,FRA,EU,2007,1,976.62,9,106.87
France,FRA,EU,2007,2,978.89,8.9,109.11
France,FRA,EU,2007,3,1009.88,8.6,105.75
France,FRA,EU,2007,4,1021.01,8.2,112.06
France,FRA,EU,2007,5,1017.37,7.9,115.78
France,FRA,EU,2007,6,1047.17,7.5,115.08
France,FRA,EU,2007,7,1056.4,7.4,114.21
France,FRA,EU,2007,8,1046.2,7.7,105.85
France,FRA,EU,2007,9,1065.02,7.6,106.82
France,FRA,EU,2007,10,1076.7,7.9,110.71
France,FRA,EU,2007,11,1085.22,7.9,105.87
France,FRA,EU,2007,12,1131.98,7.6,106.46
France,FRA,EU,2008,1,1121.95,7.7,97.48
France,FRA,EU,2008,2,1127.55,7.5,92.01
France,FRA,EU,2008,3,1138.04,7.3,88.03
France,FRA,EU,2008,4,1144.93,7.3,93.04
France,FRA,EU,2008,5,1144.54,7.1,95.62
France,FRA,EU,2008,6,1153.24,6.9,89
France,FRA,EU,2008,7,1162.36,6.8,81.35
France,FRA,EU,2008,8,1160.25,7.2,83.69
France,FRA,EU,2008,9,1172.71,7.3,80.19
France,FRA,EU,2008,10,1187.5,7.7,65.52
France,FRA,EU,2008,11,1184.73,8.1,61.79
France,FRA,EU,2008,12,1218.43,8.3,59.88
France,FRA,EU,2009,1,1165.89,8.8,58.65
France,FRA,EU,2009,2,1159.12,9,55.15
France,FRA,EU,2009,3,1159.92,9.1,51.6
France,FRA,EU,2009,4,1177.78,9.1,57.11
France,FRA,EU,2009,5,1168.36,9.1,61.62
France,FRA,EU,2009,6,1160.98,8.6,61.73
France,FRA,EU,2009,7,1168.35,8.4,61.25
France,FRA,EU,2009,8,1170.77,8.8,67.57
France,FRA,EU,2009,9,1171.19,9,71.5
France,FRA,EU,2009,10,1179.04,9.7,72.63
France,FRA,EU,2009,11,1172.12,10,71.76
France,FRA,EU,2009,12,1208.16,9.8,73.44
France,FRA,EU,2010,1,1195.57,10,75.07
France,FRA,EU,2010,2,1185.04,9.8,70.94
France,FRA,EU,2010,3,1190.77,9.5,75.48
France,FRA,EU,2010,4,1222.24,9.3,76.91
France,FRA,EU,2010,5,1212.41,9.1,69.41
France,FRA,EU,2010,6,1223.4,8.7,69.33
France,FRA,EU,2010,7,1241.97,8.4,69.03
France,FRA,EU,2010,8,1246.24,8.9,70.42
France,FRA,EU,2010,9,1248.53,8.9,72.67
France,FRA,EU,2010,10,1267.39,9.4,74.47
France,FRA,EU,2010,11,1265.47,9.7,74.93
France,FRA,EU,2010,12,1303.28,9.6,75.92
France,FRA,EU,2011,1,1281.61,9.8,78.07
France,FRA,EU,2011,2,1276.33,9.6,80.27
France,FRA,EU,2011,3,1289.09,9.3,77.72
France,FRA,EU,2011,4,1305.78,9.1,79.39
France,FRA,EU,2011,5,1299.31,8.9,79.27
France,FRA,EU,2011,6,1305.56,8.6,76.68
France,FRA,EU,2011,7,1321.67,8.5,76.09
France,FRA,EU,2011,8,1319.73,8.8,64.31
France,FRA,EU,2011,9,1324.71,8.9,60.33
France,FRA,EU,2011,10,1321.22,9.5,63.06
France,FRA,EU,2011,11,1320.33,9.8,60.71
France,FRA,EU,2011,12,1352.73,9.8,61.66
France,FRA,EU,2012,1,1368.09,10.1,64.98
France,FRA,EU,2012,2,1353.59,9.9,68.63
France,FRA,EU,2012,3,1364.23,9.7,70.22
France,FRA,EU,2012,4,1363.86,9.6,65.93
France,FRA,EU,2012,5,1366.42,9.5,62.72
France,FRA,EU,2012,6,1366.73,9.1,61.79
France,FRA,EU,2012,7,1389.12,8.9,64.65
France,FRA,EU,2012,8,1378.52,9.3,68.87
France,FRA,EU,2012,9,1377.04,9.5,70.24
France,FRA,EU,2012,10,1383.24,10.2,69.36
France,FRA,EU,2012,11,1375.64,10.7,69.87
France,FRA,EU,2012,12,1435.04,10.6,73.22
France,FRA,EU,2013,1,1417.02,11,75.25
France,FRA,EU,2013,2,1407.36,10.8,74.81
France,FRA,EU,2013,3,1426.06,10.6,76.82
France,FRA,EU,2013,4,1453.63,10.4,75.66
France,FRA,EU,2013,5,1446.03,10.2,80.01
France,FRA,EU,2013,6,1449.55,9.8,76.87
France,FRA,EU,2013,7,1460.71,9.6,78.66
France,FRA,EU,2013,8,1457.89,9.8,82.09
France,FRA,EU,2013,9,1456.33,10,83.63
France,FRA,EU,2013,10,1445.08,10.3,85.82
France,FRA,EU,2013,11,1441.15,10.6,87.06
France,FRA,EU,2013,12,1472.12,10.5,85.15
France,FRA,EU,2014,1,1444.22,10.8,87.08
France,FRA,EU,2014,2,1442.26,10.7,88.28
France,FRA,EU,2014,3,1453.82,10.4,89.46
France,FRA,EU,2014,4,1456.3,10,91.35
France,FRA,EU,2014,5,1457.67,9.9,92.26
France,FRA,EU,2014,6,1470.96,9.6,93.13
France,FRA,EU,2014,7,1474.99,9.5,89.99
France,FRA,EU,2014,8,1483.97,10,87.4
France,FRA,EU,2014,9,1478.2,10.1,90.66
France,FRA,EU,2014,10,1475.88,10.6,84.62
France,FRA,EU,2014,11,1491.88,10.9,87.59
France,FRA,EU,2014,12,1524.69,10.8,88.08
France,FRA,EU,2015,1,1516.85,11,90.77
France,FRA,EU,2015,2,1484.28,10.8,98.72
France,FRA,EU,2015,3,1511.59,10.5,103.48
France,FRA,EU,2015,4,1525.33,10.3,106.74
France,FRA,EU,2015,5,1522.32,10.2,104.88
France,FRA,EU,2015,6,1544.1,9.8,102.2
France,FRA,EU,2015,7,1558.83,9.7,102.63
France,FRA,EU,2015,8,1558.22,10.2,101.03
France,FRA,EU,2015,9,1557.64,10.1,93.76
France,FRA,EU,2015,10,1567,10.4,97.4
France,FRA,EU,2015,11,1565.7,10.6,101.33
France,FRA,EU,2015,12,1591.97,10.6,97.07
France,FRA,EU,2016,1,1586.77,10.8,90.86
France,FRA,EU,2016,2,1583.69,10.8,87.28
France,FRA,EU,2016,3,1607.08,10.3,92.13
France,FRA,EU,2016,4,1618.48,9.9,92.82
France,FRA,EU,2016,5,1616.66,9.7,91.64
France,FRA,EU,2016,6,1626.35,9.3,89.74
France,FRA,EU,2016,7,1648.24,9.3,90.16
France,FRA,EU,2016,8,1644.57,9.9,92.75
France,FRA,EU,2016,9,1632.67,9.8,93.54
France,FRA,EU,2016,10,1633.17,10.3,94.17
France,FRA,EU,2016,11,1648.25,10.4,94
France,FRA,EU,2016,12,1677.64,10.3,99.26
France,FRA,EU,2017,1,1671.44,10.3,101.51
France,FRA,EU,2017,2,1687.84,10,101.59
France,FRA,EU,2017,3,1710.94,9.7,104.82
France,FRA,EU,2017,4,1758.55,9.3,107.49
France,FRA,EU,2017,5,1750.94,9.2,112.31
France,FRA,EU,2017,6,1771.73,8.9,111.18
France,FRA,EU,2017,7,1788.89,9.1,109.23
France,FRA,EU,2017,8,1803.03,9.6,108.28
France,FRA,EU,2017,9,1793.82,9.2,110.2
France,FRA,EU,2017,10,1795.01,9.3,113.76
France,FRA,EU,2017,11,1805.15,9.2,113.6
France,FRA,EU,2017,12,1837.2,9.3,113.36
France,FRA,EU,2018,1,1831.63,9.8,115.85
France,FRA,EU,2018,2,1830.86,9.7,111.47
France,FRA,EU,2018,3,1836.24,9.3,110.42
France,FRA,EU,2018,4,1866.95,8.9,112.96
France,FRA,EU,2018,5,1869.96,8.7,116.98
France,FRA,EU,2018,6,1890.81,8.4,114.61
France,FRA,EU,2018,7,1922.76,8.6,114.38
France,FRA,EU,2018,8,1922.65,9.1,115.15
France,FRA,EU,2018,9,1888.32,8.8,114.04
France,FRA,EU,2018,10,1903.55,9,109.22
France,FRA,EU,2018,11,1918.87,9,106.14
France,FRA,EU,2018,12,1939.99,9,100.17
France,FRA,EU,2019,1,1945.08,9.3,101.22
France,FRA,EU,2019,2,1953.11,9,107.07
France,FRA,EU,2019,3,1975.32,8.7,110.95
France,FRA,EU,2019,4,2002.7,8.2,115.11
France,FRA,EU,2019,5,2005.32,8,111.91
France,FRA,EU,2019,6,2029.39,7.9,112.67
France,FRA,EU,2019,7,2051.98,8.1,115.9
France,FRA,EU,2019,8,2078.58,8.6,111.44
France,FRA,EU,2019,9,2071,8.2,116.43
France,FRA,EU,2019,10,2072.17,8.4,116.72
France,FRA,EU,2019,11,2080.5,8.4,122.08
France,FRA,EU,2019,12,2087.91,8.4,122.76
France,FRA,EU,2020,1,2081.38,8.7,124.39
France,FRA,EU,2020,2,2098.74,8.1,123.33
France,FRA,EU,2020,3,2198.17,7.5,93.04
France,FRA,EU,2020,4,2259.5,7.2,91.89
France,FRA,EU,2020,5,2324.92,6.5,93.74
France,FRA,EU,2020,6,2352.05,6.8,102.9
France,FRA,EU,2020,7,2369.19,8.3,103.75
France,FRA,EU,2020,8,2373.31,9.4,103.43
France,FRA,EU,2020,9,2410.26,9.1,102.94
France,FRA,EU,2020,10,2386.77,8.5,101.29
France,FRA,EU,2020,11,2395.98,8.2,111.16
France,FRA,EU,2020,12,2431.03,8.1,115.74
France,FRA,EU,2021,1,2436.67,8.5,116.96
France,FRA,EU,2021,2,2453.05,8.4,119.21
France,FRA,EU,2021,3,2483.42,8.1,124.09
France,FRA,EU,2021,4,2488.33,7.9,129.03
France,FRA,EU,2021,5,2495.03,7.6,131.6
France,FRA,EU,2021,6,2515.98,7.4,135.75
France,FRA,EU,2021,7,2564.09,7.7,134.61
France,FRA,EU,2021,8,2563.53,8.3,139.05
France,FRA,EU,2021,9,2578.95,7.8,137.25
France,FRA,EU,2021,10,2586.69,7.7,137.39
France,FRA,EU,2021,11,2585.97,7.6,144.11
France,FRA,EU,2021,12,2593,7.5,143.1
France,FRA,EU,2022,1,2609.84,7.7,
France,FRA,EU,2022,2,2619.41,7.5,
France,FRA,EU,2022,3,2643.56,7.3,
France,FRA,EU,2022,4,2650.29,7.2,
France,FRA,EU,2022,5,2656.02,7.1,
France,FRA,EU,2022,6,2672.92,7.1,
France,FRA,EU,2022,7,,7.3,
France,FRA,EU,2022,8,,,
France,FRA,EU,2022,9,,,
France,FRA,EU,2022,10,,,
France,FRA,EU,2022,11,,,
France,FRA,EU,2022,12,,,
Germany,DEU,EU,1996,1,1029.22,,36.39
Germany,DEU,EU,1996,2,1037.81,,37.05
Germany,DEU,EU,1996,3,1035.33,,37.26
Germany,DEU,EU,1996,4,1039.62,,37.6
Germany,DEU,EU,1996,5,1043.58,,37.49
Germany,DEU,EU,1996,6,1044.66,,38.18
Germany,DEU,EU,1996,7,1044.43,,37.85
Germany,DEU,EU,1996,8,1050.12,,38.18
Germany,DEU,EU,1996,9,1055,,38.74
Germany,DEU,EU,1996,10,1059.51,,39.92
Germany,DEU,EU,1996,11,1078.59,,40.45
Germany,DEU,EU,1996,12,1128.93,,41.47
Germany,DEU,EU,1997,1,1105.29,,43.11
Germany,DEU,EU,1997,2,1107.1,,46.11
Germany,DEU,EU,1997,3,1102.89,,48.49
Germany,DEU,EU,1997,4,1103.74,,48.37
Germany,DEU,EU,1997,5,1111.16,,51.18
Germany,DEU,EU,1997,6,1109.9,,53.18
Germany,DEU,EU,1997,7,1109.59,,58.03
Germany,DEU,EU,1997,8,1112.67,,58.57
Germany,DEU,EU,1997,9,1110.51,,56.49
Germany,DEU,EU,1997,10,1113.9,,57.03
Germany,DEU,EU,1997,11,1135.75,,53.6
Germany,DEU,EU,1997,12,1167.84,,56.87
Germany,DEU,EU,1998,1,1148.86,,58.63
Germany,DEU,EU,1998,2,1154.22,,62.48
Germany,DEU,EU,1998,3,1151.82,,66.74
Germany,DEU,EU,1998,4,1158.29,,71.18
Germany,DEU,EU,1998,5,1161.73,,72.5
Germany,DEU,EU,1998,6,1161.36,,75.5
Germany,DEU,EU,1998,7,1159.12,,78.63
Germany,DEU,EU,1998,8,1170.32,,71.28
Germany,DEU,EU,1998,9,1168.36,,63.46
Germany,DEU,EU,1998,10,1179.77,,58.25
Germany,DEU,EU,1998,11,1207.68,,64.17
Germany,DEU,EU,1998,12,1258.23,,63.81
Germany,DEU,EU,1999,1,1253.28,,67.83
Germany,DEU,EU,1999,2,1256.42,,66.35
Germany,DEU,EU,1999,3,1253.55,,65.04
Germany,DEU,EU,1999,4,1256.8,,67.76
Germany,DEU,EU,1999,5,1270.78,,68.24
Germany,DEU,EU,1999,6,1273.9,,68.61
Germany,DEU,EU,1999,7,1270.51,,71.28
Germany,DEU,EU,1999,8,1269.86,,68.22
Germany,DEU,EU,1999,9,1271.63,,69.05
Germany,DEU,EU,1999,10,1278.84,,68.88
Germany,DEU,EU,1999,11,1304.6,,74.05
Germany,DEU,EU,1999,12,1321.6,,80.26
Germany,DEU,EU,2000,1,1309.16,,86.17
Germany,DEU,EU,2000,2,1309.19,,95
Germany,DEU,EU,2000,3,1299.78,,99.83
Germany,DEU,EU,2000,4,1301.21,,92.57
Germany,DEU,EU,2000,5,1293.4,,90.46
Germany,DEU,EU,2000,6,1283.24,,90.4
Germany,DEU,EU,2000,7,1273.75,,89.34
Germany,DEU,EU,2000,8,1266.68,,88.97
Germany,DEU,EU,2000,9,1263.74,,87.19
Germany,DEU,EU,2000,10,1263.02,,82.56
Germany,DEU,EU,2000,11,1285.22,,81.79
Germany,DEU,EU,2000,12,1309.4,,76.86
Germany,DEU,EU,2001,1,1291.65,,77.23
Germany,DEU,EU,2001,2,1302.03,,76.48
Germany,DEU,EU,2001,3,1305.1,,70.57
Germany,DEU,EU,2001,4,1310.94,,70.48
Germany,DEU,EU,2001,5,1315.65,,72.6
Germany,DEU,EU,2001,6,1323.19,,70.98
Germany,DEU,EU,2001,7,1317.07,,68.39
Germany,DEU,EU,2001,8,1319.37,,64.6
Germany,DEU,EU,2001,9,1333.78,,53.48
Germany,DEU,EU,2001,10,1334.28,,55.64
Germany,DEU,EU,2001,11,1353.71,,59.63
Germany,DEU,EU,2001,12,1367.01,,60.75
Germany,DEU,EU,2002,1,1277.68,,62.08
Germany,DEU,EU,2002,2,1273.07,,59.87
Germany,DEU,EU,2002,3,1271.88,,63.74
Germany,DEU,EU,2002,4,1268.65,,62.64
Germany,DEU,EU,2002,5,1277.51,,59.86
Germany,DEU,EU,2002,6,1290.01,,54.31
Germany,DEU,EU,2002,7,1283.41,,49.32
Germany,DEU,EU,2002,8,1282.02,,45.62
Germany,DEU,EU,2002,9,1289.15,,40.3
Germany,DEU,EU,2002,10,1299.3,,37.23
Germany,DEU,EU,2002,11,1328.76,,40.22
Germany,DEU,EU,2002,12,1349.18,,38.6
Germany,DEU,EU,2003,1,1339.7,,36.67
Germany,DEU,EU,2003,2,1347.51,,33.07
Germany,DEU,EU,2003,3,1350.89,,31.59
Germany,DEU,EU,2003,4,1357.77,,35.17
Germany,DEU,EU,2003,5,1371.79,,36.39
Germany,DEU,EU,2003,6,1377.88,,39.19
Germany,DEU,EU,2003,7,1366.05,,40.99
Germany,DEU,EU,2003,8,1373.97,,42.46
Germany,DEU,EU,2003,9,1370.95,,43.39
Germany,DEU,EU,2003,10,1371.72,,43.41
Germany,DEU,EU,2003,11,1394.35,,46.01
Germany,DEU,EU,2003,12,1395.23,,47.7
Germany,DEU,EU,2004,1,1391.12,,50.06
Germany,DEU,EU,2004,2,1392.73,,50.18
Germany,DEU,EU,2004,3,1394.24,,48.62
Germany,DEU,EU,2004,4,1395.84,,49.87
Germany,DEU,EU,2004,5,1401.84,,47.49
Germany,DEU,EU,2004,6,1395.05,,48.68
Germany,DEU,EU,2004,7,1391.04,,47.5
Germany,DEU,EU,2004,8,1393.98,,45.93
Germany,DEU,EU,2004,9,1403.13,,47.65
Germany,DEU,EU,2004,10,1402.08,,48.33
Germany,DEU,EU,2004,11,1420.56,,49.97
Germany,DEU,EU,2004,12,1423.32,,51.29
Germany,DEU,EU,2005,1,1432.25,,51.83
Germany,DEU,EU,2005,2,1431.9,,53.04
Germany,DEU,EU,2005,3,1425.78,,53.24
Germany,DEU,EU,2005,4,1435.28,,52.37
Germany,DEU,EU,2005,5,1447.66,,52.04
Germany,DEU,EU,2005,6,1451.01,,54.81
Germany,DEU,EU,2005,7,1452.47,,56.89
Germany,DEU,EU,2005,8,1454.79,,58.81
Germany,DEU,EU,2005,9,1462.27,,59.7
Germany,DEU,EU,2005,10,1466.76,,59.61
Germany,DEU,EU,2005,11,1481.88,,61.13
Germany,DEU,EU,2005,12,1490.08,,63.95
Germany,DEU,EU,2006,1,1491.35,,66.11
Germany,DEU,EU,2006,2,1489.18,,69.64
Germany,DEU,EU,2006,3,1496.13,,71.12
Germany,DEU,EU,2006,4,1515.88,,72.76
Germany,DEU,EU,2006,5,1517.1,,70.18
Germany,DEU,EU,2006,6,1522.83,,65.24
Germany,DEU,EU,2006,7,1513.6,,66.27
Germany,DEU,EU,2006,8,1512.52,,68.16
Germany,DEU,EU,2006,9,1520.05,,69.95
Germany,DEU,EU,2006,10,1517.09,,73.07
Germany,DEU,EU,2006,11,1545.67,,75.4
Germany,DEU,EU,2006,12,1568.73,,77.11
Germany,DEU,EU,2007,1,1564.46,9.3,79.74
Germany,DEU,EU,2007,2,1563.85,9.6,82.63
Germany,DEU,EU,2007,3,1572.32,9.2,80.48
Germany,DEU,EU,2007,4,1583.19,8.6,86.42
Germany,DEU,EU,2007,5,1593.72,8.5,89.09
Germany,DEU,EU,2007,6,1611.62,8.3,91.63
Germany,DEU,EU,2007,7,1617.68,8.3,92.03
Germany,DEU,EU,2007,8,1633.31,8.4,86.61
Germany,DEU,EU,2007,9,1658.15,8.1,88.51
Germany,DEU,EU,2007,10,1657.54,7.8,92.35
Germany,DEU,EU,2007,11,1695.21,8.2,89.1
Germany,DEU,EU,2007,12,1737.42,8.2,91.16
Germany,DEU,EU,2008,1,1731.41,8.2,83.74
Germany,DEU,EU,2008,2,1744.38,8.1,79.17
Germany,DEU,EU,2008,3,1751.32,8,74.68
Germany,DEU,EU,2008,4,1760.57,7.9,77.65
Germany,DEU,EU,2008,5,1780.62,7.3,79.99
Germany,DEU,EU,2008,6,1782.2,7.8,75.9
Germany,DEU,EU,2008,7,1790.41,7.4,70.87
Germany,DEU,EU,2008,8,1804.44,7.2,71.61
Germany,DEU,EU,2008,9,1817.94,6.6,68.08
Germany,DEU,EU,2008,10,1862.99,6.4,53.89
Germany,DEU,EU,2008,11,1878.79,6.8,50.32
Germany,DEU,EU,2008,12,1883.02,7.4,48.95
Germany,DEU,EU,2009,1,1898.94,7.2,48.44
Germany,DEU,EU,2009,2,1898.43,7.8,45.31
Germany,DEU,EU,2009,3,1878.87,7.6,42.07
Germany,DEU,EU,2009,4,1893.14,7.4,47.93
Germany,DEU,EU,2009,5,1883.5,7.2,50.53
Germany,DEU,EU,2009,6,1873.02,7.2,50.8
Germany,DEU,EU,2009,7,1860.82,7.4,51.03
Germany,DEU,EU,2009,8,1859.93,7.5,55.72
Germany,DEU,EU,2009,9,1856.9,7.1,58.02
Germany,DEU,EU,2009,10,1857.77,6.7,59.17
Germany,DEU,EU,2009,11,1867.65,6.7,58.65
Germany,DEU,EU,2009,12,1865.68,6.9,60.76
Germany,DEU,EU,2010,1,1872.86,7.6,61.15
Germany,DEU,EU,2010,2,1872.43,7.6,58.19
Germany,DEU,EU,2010,3,1859.59,7.2,62.05
Germany,DEU,EU,2010,4,1881.55,6.8,64.68
Germany,DEU,EU,2010,5,1891.92,6.5,60.7
Germany,DEU,EU,2010,6,1893.76,6.3,61.53
Germany,DEU,EU,2010,7,1892.85,6.5,61.43
Germany,DEU,EU,2010,8,1901.6,6.2,62.02
Germany,DEU,EU,2010,9,1907.07,6.1,63.14
Germany,DEU,EU,2010,10,1912.66,6.1,65.56
Germany,DEU,EU,2010,11,1937.43,5.9,68.64
Germany,DEU,EU,2010,12,1944.61,6.1,71.58
Germany,DEU,EU,2011,1,1955.17,6.4,72.22
Germany,DEU,EU,2011,2,1946.77,6.2,74.4
Germany,DEU,EU,2011,3,1953.97,6.1,71.13
Germany,DEU,EU,2011,4,1969.41,5.5,73.69
Germany,DEU,EU,2011,5,1980.05,5.3,73.45
Germany,DEU,EU,2011,6,1985.76,5.6,71.42
Germany,DEU,EU,2011,7,1993.81,5.6,72.66
Germany,DEU,EU,2011,8,2011.72,5.6,59.24
Germany,DEU,EU,2011,9,2031.72,4.9,54.41
Germany,DEU,EU,2011,10,2037.9,4.8,58.46
Germany,DEU,EU,2011,11,2061.87,5.1,58.11
Germany,DEU,EU,2011,12,2072.81,5.1,58.38
Germany,DEU,EU,2012,1,2074.3,5.9,62.41
Germany,DEU,EU,2012,2,2082.8,5.5,67.24
Germany,DEU,EU,2012,3,2091.28,5.1,68.83
Germany,DEU,EU,2012,4,2106.4,4.9,66.67
Germany,DEU,EU,2012,5,2128.22,5.2,62.92
Germany,DEU,EU,2012,6,2152.55,4.9,59.94
Germany,DEU,EU,2012,7,2173.61,5.3,63.29
Germany,DEU,EU,2012,8,2184.9,5,66.82
Germany,DEU,EU,2012,9,2195.04,4.7,69.6
Germany,DEU,EU,2012,10,2239.64,4.8,70
Germany,DEU,EU,2012,11,2256.97,4.8,69.73
Germany,DEU,EU,2012,12,2231.6,4.9,72.99
Germany,DEU,EU,2013,1,2219.54,5.5,74.69
Germany,DEU,EU,2013,2,2215.92,5.6,74.36
Germany,DEU,EU,2013,3,2208.85,5.2,76.45
Germany,DEU,EU,2013,4,2236.58,4.9,74.61
Germany,DEU,EU,2013,5,2241.97,4.8,78.49
Germany,DEU,EU,2013,6,2235.86,5,76.12
Germany,DEU,EU,2013,7,2240.81,4.9,76.9
Germany,DEU,EU,2013,8,2256.55,4.7,78.81
Germany,DEU,EU,2013,9,2262.17,4.7,80.35
Germany,DEU,EU,2013,10,2287.94,4.8,83.18
Germany,DEU,EU,2013,11,2296.49,4.7,86.68
Germany,DEU,EU,2013,12,2293.86,4.6,87.57
Germany,DEU,EU,2014,1,2294.26,5.2,89.85
Germany,DEU,EU,2014,2,2307.94,5.1,89.75
Germany,DEU,EU,2014,3,2302.47,5.1,88.26
Germany,DEU,EU,2014,4,2333.22,4.8,89.14
Germany,DEU,EU,2014,5,2351.82,4.5,89.8
Germany,DEU,EU,2014,6,2340.6,4.6,91.37
Germany,DEU,EU,2014,7,2345.88,4.4,89.57
Germany,DEU,EU,2014,8,2365.58,4.7,85.21
Germany,DEU,EU,2014,9,2368.43,4.6,88.18
Germany,DEU,EU,2014,10,2384.51,4.5,82.4
Germany,DEU,EU,2014,11,2411.06,4.7,87.26
Germany,DEU,EU,2014,12,2405.71,4.3,90.31
Germany,DEU,EU,2015,1,2426.49,4.6,93.31
Germany,DEU,EU,2015,2,2451.97,5,100.96
Germany,DEU,EU,2015,3,2458.51,4.6,107.92
Germany,DEU,EU,2015,4,2485.77,4.6,109.38
Germany,DEU,EU,2015,5,2511.54,4.3,105.16
Germany,DEU,EU,2015,6,2512.51,4.3,101.26
Germany,DEU,EU,2015,7,2529.69,4.3,101.9
Germany,DEU,EU,2015,8,2539.79,4.1,98.32
Germany,DEU,EU,2015,9,2551.44,4,91.19
Germany,DEU,EU,2015,10,2580.47,4.1,93.42
Germany,DEU,EU,2015,11,2624.07,4.3,99.7
Germany,DEU,EU,2015,12,2610.84,4.2,97.49
Germany,DEU,EU,2016,1,2633.79,4.1,90.35
Germany,DEU,EU,2016,2,2644.84,4.4,85.18
Germany,DEU,EU,2016,3,2641.11,4.3,90.19
Germany,DEU,EU,2016,4,2663.6,4,91.53
Germany,DEU,EU,2016,5,2685.72,4,90.32
Germany,DEU,EU,2016,6,2686.45,4,88.58
Germany,DEU,EU,2016,7,2702.01,4,89.41
Germany,DEU,EU,2016,8,2711.7,3.9,94.29
Germany,DEU,EU,2016,9,2719.5,3.5,94.27
Germany,DEU,EU,2016,10,2721.93,3.7,95.16
Germany,DEU,EU,2016,11,2762.94,3.7,94.19
Germany,DEU,EU,2016,12,2759.19,3.3,99.25
Germany,DEU,EU,2017,1,2784.9,3.8,102.89
Germany,DEU,EU,2017,2,2796.96,4.1,104
Germany,DEU,EU,2017,3,2801.03,3.8,106.44
Germany,DEU,EU,2017,4,2803.35,3.9,108.1
Germany,DEU,EU,2017,5,2821.46,3.4,110.8
Germany,DEU,EU,2017,6,2841.19,3.4,110.88
Germany,DEU,EU,2017,7,2835.9,3.4,108.41
Germany,DEU,EU,2017,8,2846.78,3.6,106.9
Germany,DEU,EU,2017,9,2853.48,3.4,109.88
Germany,DEU,EU,2017,10,2859.59,3.5,114.47
Germany,DEU,EU,2017,11,2890.92,3.2,115.9
Germany,DEU,EU,2017,12,2882.94,3.3,115.73
Germany,DEU,EU,2018,1,2894.19,3.4,117.97
Germany,DEU,EU,2018,2,2896.61,3.6,111.17
Germany,DEU,EU,2018,3,2901.13,3.3,108.97
Germany,DEU,EU,2018,4,2906.96,3.3,110.41
Germany,DEU,EU,2018,5,2946.76,3.2,113.32
Germany,DEU,EU,2018,6,2954.53,3.3,110.76
Germany,DEU,EU,2018,7,2954.07,3.2,109.94
Germany,DEU,EU,2018,8,2953.01,3.2,109.64
Germany,DEU,EU,2018,9,2978.42,3.1,107.34
Germany,DEU,EU,2018,10,2989.97,3,101.91
Germany,DEU,EU,2018,11,3024.89,3,99.33
Germany,DEU,EU,2018,12,3021.66,2.9,93.79
Germany,DEU,EU,2019,1,3017.28,3.2,95.58
Germany,DEU,EU,2019,2,3030.93,3,98.13
Germany,DEU,EU,2019,3,3054.72,3.3,100.21
Germany,DEU,EU,2019,4,3068.98,3,104.39
Germany,DEU,EU,2019,5,3093.02,2.9,102.59
Germany,DEU,EU,2019,6,3100.65,2.9,101.21
Germany,DEU,EU,2019,7,3104.7,2.9,103.2
Germany,DEU,EU,2019,8,3135.93,3,97.98
Germany,DEU,EU,2019,9,3131.24,2.9,102.52
Germany,DEU,EU,2019,10,3147.73,2.8,104.28
Germany,DEU,EU,2019,11,3168.51,2.9,109.75
Germany,DEU,EU,2019,12,3161.13,2.9,110.47
Germany,DEU,EU,2020,1,3157.15,3.1,112.01
Germany,DEU,EU,2020,2,3174.62,3.5,111.17
Germany,DEU,EU,2020,3,3263.94,3.7,83.89
Germany,DEU,EU,2020,4,3266.43,3.6,86.98
Germany,DEU,EU,2020,5,3323.21,3.6,92.13
Germany,DEU,EU,2020,6,3325.19,3.8,101.46
Germany,DEU,EU,2020,7,3336.78,4,104.37
Germany,DEU,EU,2020,8,3350.22,3.9,105.5
Germany,DEU,EU,2020,9,3371.82,3.8,105.94
Germany,DEU,EU,2020,10,3403.55,3.5,103.77
Germany,DEU,EU,2020,11,3433.24,3.5,105.5
Germany,DEU,EU,2020,12,3426.07,3.5,110.64
Germany,DEU,EU,2021,1,3458.51,4.1,114.46
Germany,DEU,EU,2021,2,3471.67,4.2,116.17
Germany,DEU,EU,2021,3,3496.99,4,119.03
Germany,DEU,EU,2021,4,3504.96,3.9,124.11
Germany,DEU,EU,2021,5,3535.79,3.7,122.9
Germany,DEU,EU,2021,6,3535.73,3.6,125.78
Germany,DEU,EU,2021,7,3552.63,3.4,125.7
Germany,DEU,EU,2021,8,3571.73,3.4,127.72
Germany,DEU,EU,2021,9,3575.12,3.3,125.9
Germany,DEU,EU,2021,10,3591.64,3.1,123.87
Germany,DEU,EU,2021,11,3621.41,3.2,127.65
Germany,DEU,EU,2021,12,3619.39,3,124.27
Germany,DEU,EU,2022,1,3652.26,3.3,
Germany,DEU,EU,2022,2,3677.23,3.1,
Germany,DEU,EU,2022,3,3676.96,2.8,
Germany,DEU,EU,2022,4,3686.84,3.2,
Germany,DEU,EU,2022,5,3699.52,2.7,
Germany,DEU,EU,2022,6,3726.64,3,
Germany,DEU,EU,2022,7,3757.09,3.2,
Germany,DEU,EU,2022,8,,,
Germany,DEU,EU,2022,9,,,
Germany,DEU,EU,2022,10,,,
Germany,DEU,EU,2022,11,,,
Germany,DEU,EU,2022,12,,,
Norway,NOR,EU,1996,1,553.32,4.6,15.46
Norway,NOR,EU,1996,2,571.29,5.3,15.72
Norway,NOR,EU,1996,3,566.05,5.1,15.95
Norway,NOR,EU,1996,4,561.56,5.1,19.18
Norway,NOR,EU,1996,5,555.51,5.1,18.62
Norway,NOR,EU,1996,6,571.58,4.8,18.14
Norway,NOR,EU,1996,7,566.37,5,15.44
Norway,NOR,EU,1996,8,561.31,4.8,16.01
Norway,NOR,EU,1996,9,565.1,4.5,17.95
Norway,NOR,EU,1996,10,574.02,4.2,16.32
Norway,NOR,EU,1996,11,562.18,4.1,18.43
Norway,NOR,EU,1996,12,575.55,4.4,22.27
Norway,NOR,EU,1997,1,575.93,4.6,20.86
Norway,NOR,EU,1997,2,573.98,4.2,24.26
Norway,NOR,EU,1997,3,567.36,4,26.69
Norway,NOR,EU,1997,4,563.28,4,21.49
Norway,NOR,EU,1997,5,562.91,4.3,26.11
Norway,NOR,EU,1997,6,585.44,4.4,24.78
Norway,NOR,EU,1997,7,582.79,4.3,23.98
Norway,NOR,EU,1997,8,584.27,3.9,27.14
Norway,NOR,EU,1997,9,595.77,3.7,26.27
Norway,NOR,EU,1997,10,597.45,3.3,26.12
Norway,NOR,EU,1997,11,587.15,3.1,27.05
Norway,NOR,EU,1997,12,590.11,3.2,29.19
Norway,NOR,EU,1998,1,607.91,3.3,24.64
Norway,NOR,EU,1998,2,612.91,3.3,24.89
Norway,NOR,EU,1998,3,605.85,3.3,26.64
Norway,NOR,EU,1998,4,598.97,3.4,27.92
Norway,NOR,EU,1998,5,607.42,3.5,27.74
Norway,NOR,EU,1998,6,617.54,3.5,25.99
Norway,NOR,EU,1998,7,614.45,3.5,26.3
Norway,NOR,EU,1998,8,610.74,3.1,22.51
Norway,NOR,EU,1998,9,613.26,2.7,18.86
Norway,NOR,EU,1998,10,613.44,2.5,17.58
Norway,NOR,EU,1998,11,603.74,2.5,19.04
Norway,NOR,EU,1998,12,616.92,2.5,17.71
Norway,NOR,EU,1999,1,635.5,2.7,19.47
Norway,NOR,EU,1999,2,633.52,2.8,19.64
Norway,NOR,EU,1999,3,633.35,2.9,20.14
Norway,NOR,EU,1999,4,626.77,2.8,21.49
Norway,NOR,EU,1999,5,626.28,3,22.5
Norway,NOR,EU,1999,6,657.44,3.1,22.61
Norway,NOR,EU,1999,7,662.44,3.2,23.04
Norway,NOR,EU,1999,8,660.4,3.1,23.48
Norway,NOR,EU,1999,9,658.43,3.3,24.01
Norway,NOR,EU,1999,10,677.59,3.3,22.99
Norway,NOR,EU,1999,11,662.62,3,23.6
Norway,NOR,EU,1999,12,683.85,3.2,25.79
Norway,NOR,EU,2000,1,690.06,3.4,27.26
Norway,NOR,EU,2000,2,697.56,3.5,27.75
Norway,NOR,EU,2000,3,698.57,3.3,28.13
Norway,NOR,EU,2000,4,697.71,3.2,26.18
Norway,NOR,EU,2000,5,704.2,3.2,27.65
Norway,NOR,EU,2000,6,731.21,3.2,27.93
Norway,NOR,EU,2000,7,730.31,3.4,29.07
Norway,NOR,EU,2000,8,733.27,3.4,31.01
Norway,NOR,EU,2000,9,748.66,3.2,31.99
Norway,NOR,EU,2000,10,742.02,3,30.66
Norway,NOR,EU,2000,11,739.75,2.9,30.31
Norway,NOR,EU,2000,12,753.27,3.2,27.6
Norway,NOR,EU,2001,1,771.65,3.4,28.29
Norway,NOR,EU,2001,2,778.35,3.4,29.07
Norway,NOR,EU,2001,3,775.2,3.2,27.48
Norway,NOR,EU,2001,4,763.79,3.1,27.42
Norway,NOR,EU,2001,5,779.95,3.4,28.83
Norway,NOR,EU,2001,6,799.2,3.6,28.14
Norway,NOR,EU,2001,7,797.97,3.7,26.73
Norway,NOR,EU,2001,8,797.57,3.5,25.99
Norway,NOR,EU,2001,9,802.29,3.5,22.93
Norway,NOR,EU,2001,10,807.13,3.5,21.64
Norway,NOR,EU,2001,11,798.43,3.2,22.83
Norway,NOR,EU,2001,12,818.86,3.4,23.53
Norway,NOR,EU,2002,1,845.34,3.6,24.02
Norway,NOR,EU,2002,2,837.46,3.9,23.67
Norway,NOR,EU,2002,3,838.75,3.7,25.54
Norway,NOR,EU,2002,4,826.71,3.7,25.83
Norway,NOR,EU,2002,5,833,3.8,25.67
Norway,NOR,EU,2002,6,872.47,3.7,23.28
Norway,NOR,EU,2002,7,864.89,3.7,21.5
Norway,NOR,EU,2002,8,853.98,3.7,20.75
Norway,NOR,EU,2002,9,848.15,3.6,18.71
Norway,NOR,EU,2002,10,872.16,3.6,18.06
Norway,NOR,EU,2002,11,856.7,3.4,18.28
Norway,NOR,EU,2002,12,882.92,3.6,18.33
Norway,NOR,EU,2003,1,894.59,3.9,18.1
Norway,NOR,EU,2003,2,887.14,4,16.63
Norway,NOR,EU,2003,3,883.09,4,16.66
Norway,NOR,EU,2003,4,874.29,4.1,17.72
Norway,NOR,EU,2003,5,881.51,4.4,19.23
Norway,NOR,EU,2003,6,902.79,4.5,20.96
Norway,NOR,EU,2003,7,902.88,4.5,21.74
Norway,NOR,EU,2003,8,899.38,4.5,23.19
Norway,NOR,EU,2003,9,887.72,4.3,23.51
Norway,NOR,EU,2003,10,900.66,4.1,23.81
Norway,NOR,EU,2003,11,888,4,25.15
Norway,NOR,EU,2003,12,904.22,4.2,26.06
Norway,NOR,EU,2004,1,911.67,4.1,28.36
Norway,NOR,EU,2004,2,909.62,4.2,29.85
Norway,NOR,EU,2004,3,920.12,4.1,31.05
Norway,NOR,EU,2004,4,917.12,4.1,31.18
Norway,NOR,EU,2004,5,922.82,4.4,29.81
Norway,NOR,EU,2004,6,952.45,4.5,31.28
Norway,NOR,EU,2004,7,946.62,4.6,31.74
Norway,NOR,EU,2004,8,932.92,4.5,31.91
Norway,NOR,EU,2004,9,938.63,4.4,33.76
Norway,NOR,EU,2004,10,942.56,4.2,35.36
Norway,NOR,EU,2004,11,966.68,4,35.41
Norway,NOR,EU,2004,12,972.01,4.2,36.68
Norway,NOR,EU,2005,1,975.95,4.4,37.94
Norway,NOR,EU,2005,2,985.44,4.5,40.49
Norway,NOR,EU,2005,3,1006.79,4.6,41.87
Norway,NOR,EU,2005,4,998.92,4.6,41.69
Norway,NOR,EU,2005,5,1005,4.8,41.4
Norway,NOR,EU,2005,6,1043.19,4.8,45.2
Norway,NOR,EU,2005,7,1045.28,5,49.2
Norway,NOR,EU,2005,8,1034.99,4.8,52.26
Norway,NOR,EU,2005,9,1055.34,4.5,55.18
Norway,NOR,EU,2005,10,1053.19,4.3,51.41
Norway,NOR,EU,2005,11,1066.36,4,52.56
Norway,NOR,EU,2005,12,1085.33,4,55.98
Norway,NOR,EU,2006,1,1086.17,4.2,59.19
Norway,NOR,EU,2006,2,1089.64,4.3,62.01
Norway,NOR,EU,2006,3,1106.7,4,65.09
Norway,NOR,EU,2006,4,1104.93,4,70.4
Norway,NOR,EU,2006,5,1115.3,4.1,68.75
Norway,NOR,EU,2006,6,1170.04,4.4,63.25
Norway,NOR,EU,2006,7,1164.65,3.2,65.91
Norway,NOR,EU,2006,8,1157.3,3.7,66.41
Norway,NOR,EU,2006,9,1176.79,3.5,64.94
Norway,NOR,EU,2006,10,1180.54,2.8,66.92
Norway,NOR,EU,2006,11,1194.72,2.7,71.23
Norway,NOR,EU,2006,12,1233.75,2.3,73.52
Norway,NOR,EU,2007,1,1242.97,3,76.23
Norway,NOR,EU,2007,2,1255.83,2.8,78.96
Norway,NOR,EU,2007,3,1292.9,2.9,76.36
Norway,NOR,EU,2007,4,1268.71,2.9,80.01
Norway,NOR,EU,2007,5,1302.98,2.9,83.18
Norway,NOR,EU,2007,6,1354.49,3,85.91
Norway,NOR,EU,2007,7,1362.48,2.8,89.07
Norway,NOR,EU,2007,8,1357.66,2.8,81.38
Norway,NOR,EU,2007,9,1376.25,2.6,84.8
Norway,NOR,EU,2007,10,1387.42,2.7,87.01
Norway,NOR,EU,2007,11,1382.49,2.3,86.1
Norway,NOR,EU,2007,12,1440.2,1.9,84.45
Norway,NOR,EU,2008,1,1304.89,2.8,75.64
Norway,NOR,EU,2008,2,1305.27,2.6,72.8
Norway,NOR,EU,2008,3,1300.75,2.7,71.28
Norway,NOR,EU,2008,4,1303.44,2.7,76.76
Norway,NOR,EU,2008,5,1297.35,3,86.01
Norway,NOR,EU,2008,6,1340.77,3.5,84.11
Norway,NOR,EU,2008,7,1339.54,2.9,74.54
Norway,NOR,EU,2008,8,1331.51,2.9,71.9
Norway,NOR,EU,2008,9,1329.59,3.4,62.95
Norway,NOR,EU,2008,10,1357.59,3.1,45.45
Norway,NOR,EU,2008,11,1349.25,2.8,41.4
Norway,NOR,EU,2008,12,1374.09,2.8,38.95
Norway,NOR,EU,2009,1,1382.07,3.2,41.95
Norway,NOR,EU,2009,2,1375.74,3.3,40.64
Norway,NOR,EU,2009,3,1378.29,3.4,39.16
Norway,NOR,EU,2009,4,1370.87,3.6,41.98
Norway,NOR,EU,2009,5,1385.07,3.7,49.41
Norway,NOR,EU,2009,6,1419.45,4,51.59
Norway,NOR,EU,2009,7,1418.25,3.2,50.12
Norway,NOR,EU,2009,8,1389.16,3.6,53.19
Norway,NOR,EU,2009,9,1387.65,3.5,54.73
Norway,NOR,EU,2009,10,1404.54,3.3,57.9
Norway,NOR,EU,2009,11,1384.7,3.7,59.84
Norway,NOR,EU,2009,12,1416.09,3,62.38
Norway,NOR,EU,2010,1,1417.38,3.9,63.4
Norway,NOR,EU,2010,2,1410.71,3.9,60.13
Norway,NOR,EU,2010,3,1406.49,4.7,62.93
Norway,NOR,EU,2010,4,1405.21,4,65.7
Norway,NOR,EU,2010,5,1403.18,4.2,61.53
Norway,NOR,EU,2010,6,1457.18,4.7,60.94
Norway,NOR,EU,2010,7,1469.54,3.5,60.11
Norway,NOR,EU,2010,8,1453.79,3.8,61.26
Norway,NOR,EU,2010,9,1451.27,4.1,62.89
Norway,NOR,EU,2010,10,1478.37,3.7,65.81
Norway,NOR,EU,2010,11,1484.84,3.3,67.77
Norway,NOR,EU,2010,12,1507.04,3.7,71.16
Norway,NOR,EU,2011,1,1530.26,3.3,73.05
Norway,NOR,EU,2011,2,1522.39,3.4,74.14
Norway,NOR,EU,2011,3,1518.99,3.9,74.44
Norway,NOR,EU,2011,4,1531.65,3.8,75.72
Norway,NOR,EU,2011,5,1544.38,3.7,73.57
Norway,NOR,EU,2011,6,1568.72,4,70.69
Norway,NOR,EU,2011,7,1579.26,3.3,70.95
Norway,NOR,EU,2011,8,1554.48,3.7,62.59
Norway,NOR,EU,2011,9,1573.27,3.6,61.13
Norway,NOR,EU,2011,10,1594.92,3.7,62.77
Norway,NOR,EU,2011,11,1586.11,3.3,64.71
Norway,NOR,EU,2011,12,1593.14,3.1,65.19
Norway,NOR,EU,2012,1,1610.16,3.9,68.04
Norway,NOR,EU,2012,2,1607.51,3.7,71.59
Norway,NOR,EU,2012,3,1613.08,3.1,73.04
Norway,NOR,EU,2012,4,1605.52,3.5,71.46
Norway,NOR,EU,2012,5,1590.46,3.6,68.68
Norway,NOR,EU,2012,6,1656.95,3.5,66.28
Norway,NOR,EU,2012,7,1660.68,3.3,70.44
Norway,NOR,EU,2012,8,1634.31,3.3,72.9
Norway,NOR,EU,2012,9,1649.97,3.4,75.2
Norway,NOR,EU,2012,10,1658.97,3.7,74.47
Norway,NOR,EU,2012,11,1673.05,3.4,72.86
Norway,NOR,EU,2012,12,1671.77,3.4,73.92
Norway,NOR,EU,2013,1,1693.98,3.8,76.91
Norway,NOR,EU,2013,2,1676.76,4,78.3
Norway,NOR,EU,2013,3,1681.88,4.2,78.81
Norway,NOR,EU,2013,4,1678.01,4.1,77.72
Norway,NOR,EU,2013,5,1693.67,4,80.2
Norway,NOR,EU,2013,6,1741.87,4,78.23
Norway,NOR,EU,2013,7,1752.56,3.6,80.45
Norway,NOR,EU,2013,8,1745.17,4.2,81.94
Norway,NOR,EU,2013,9,1725.34,4,83.54
Norway,NOR,EU,2013,10,1742.07,3.4,85.56
Norway,NOR,EU,2013,11,1752.08,3.8,89.04
Norway,NOR,EU,2013,12,1793.67,4.1,89
Norway,NOR,EU,2014,1,1804.66,4.1,91.55
Norway,NOR,EU,2014,2,1791.49,3.2,91.18
Norway,NOR,EU,2014,3,1797.52,4.2,92.45
Norway,NOR,EU,2014,4,1802.28,3.6,93.45
Norway,NOR,EU,2014,5,1803.49,3.4,99.85
Norway,NOR,EU,2014,6,1877.93,3.6,104.39
Norway,NOR,EU,2014,7,1866.15,4.1,104.45
Norway,NOR,EU,2014,8,1863.64,3.6,101.37
Norway,NOR,EU,2014,9,1852.99,4.3,102.72
Norway,NOR,EU,2014,10,1860.84,3.8,95.09
Norway,NOR,EU,2014,11,1879.31,3.8,97.48
Norway,NOR,EU,2014,12,1907.97,3.6,91.93
Norway,NOR,EU,2015,1,1927.01,4.4,94.77
Norway,NOR,EU,2015,2,1898.83,4.7,99.54
Norway,NOR,EU,2015,3,1929.48,4.8,99.55
Norway,NOR,EU,2015,4,1845.12,4.6,104.81
Norway,NOR,EU,2015,5,1861.82,4.4,105.79
Norway,NOR,EU,2015,6,1919.85,5,103.82
Norway,NOR,EU,2015,7,1928.75,5.2,102.83
Norway,NOR,EU,2015,8,1885.36,4.2,98.32
Norway,NOR,EU,2015,9,1895.4,4.9,93.89
Norway,NOR,EU,2015,10,1913.87,4.8,99.05
Norway,NOR,EU,2015,11,1905.93,4.3,100.31
Norway,NOR,EU,2015,12,1920.07,5,97.32
Norway,NOR,EU,2016,1,1927.93,5,89.59
Norway,NOR,EU,2016,2,1927.38,5.6,88.85
Norway,NOR,EU,2016,3,1934.4,5.1,95.32
Norway,NOR,EU,2016,4,1946.12,5,95.96
Norway,NOR,EU,2016,5,1924.25,5,99.15
Norway,NOR,EU,2016,6,2008.85,4.9,99.4
Norway,NOR,EU,2016,7,2016.72,4.9,102.63
Norway,NOR,EU,2016,8,1993.67,5.2,101.73
Norway,NOR,EU,2016,9,2017.55,4.9,101.41
Norway,NOR,EU,2016,10,2028.55,4.7,105.56
Norway,NOR,EU,2016,11,2028.06,4.6,107.27
Norway,NOR,EU,2016,12,2017.43,4,113.7
Norway,NOR,EU,2017,1,2044.71,4.2,117.18
Norway,NOR,EU,2017,2,2046.87,4.5,116.38
Norway,NOR,EU,2017,3,2074.7,5,115.57
Norway,NOR,EU,2017,4,2081.82,4.6,114.91
Norway,NOR,EU,2017,5,2057.18,4.6,118.86
Norway,NOR,EU,2017,6,2140.17,4.7,116.67
Norway,NOR,EU,2017,7,2152.54,4.1,118.78
Norway,NOR,EU,2017,8,2108.47,4.3,121.8
Norway,NOR,EU,2017,9,2134.12,4.4,126.41
Norway,NOR,EU,2017,10,2153.77,3.8,131.43
Norway,NOR,EU,2017,11,2151.89,3.9,134.6
Norway,NOR,EU,2017,12,2138.65,4.3,134.35
Norway,NOR,EU,2018,1,2178.12,4,140.08
Norway,NOR,EU,2018,2,2154.69,3.9,136.09
Norway,NOR,EU,2018,3,2189.51,4.4,136.59
Norway,NOR,EU,2018,4,2212.78,4.1,142.49
Norway,NOR,EU,2018,5,2208.43,3.6,150.3
Norway,NOR,EU,2018,6,2278.43,4.5,152.03
Norway,NOR,EU,2018,7,2277.26,4,151.44
Norway,NOR,EU,2018,8,2242.32,4,154.11
Norway,NOR,EU,2018,9,2251.93,4.5,156.68
Norway,NOR,EU,2018,10,2247.61,3.8,154.7
Norway,NOR,EU,2018,11,2260.57,3.7,148.22
Norway,NOR,EU,2018,12,2252.58,3.4,140.35
Norway,NOR,EU,2019,1,2269.62,4,142.17
Norway,NOR,EU,2019,2,2261.12,4.3,146.47
Norway,NOR,EU,2019,3,2289.15,3.8,148.82
Norway,NOR,EU,2019,4,2279.17,3.2,151.5
Norway,NOR,EU,2019,5,2298.45,3.5,147.95
Norway,NOR,EU,2019,6,2359.49,4.1,145.76
Norway,NOR,EU,2019,7,2378.49,3.8,147.09
Norway,NOR,EU,2019,8,2372.2,4.3,140.52
Norway,NOR,EU,2019,9,2351.09,3.7,148.4
Norway,NOR,EU,2019,10,2356.6,4.2,148.65
Norway,NOR,EU,2019,11,2367.98,3.8,151.73
Norway,NOR,EU,2019,12,2347.74,3.8,152.74
Norway,NOR,EU,2020,1,2368.16,4.1,156.83
Norway,NOR,EU,2020,2,2363.96,3.6,151.47
Norway,NOR,EU,2020,3,2492.86,3.6,117.51
Norway,NOR,EU,2020,4,2525.78,4,122.34
Norway,NOR,EU,2020,5,2553.46,5,128.29
Norway,NOR,EU,2020,6,2575.97,5.3,135.05
Norway,NOR,EU,2020,7,2628.02,5.7,136.23
Norway,NOR,EU,2020,8,2590.35,5.3,142.23
Norway,NOR,EU,2020,9,2616.86,5.4,140.34
Norway,NOR,EU,2020,10,2638.14,5.4,139.77
Norway,NOR,EU,2020,11,2656.13,5.1,145.13
Norway,NOR,EU,2020,12,2632.33,4.5,153.65
Norway,NOR,EU,2021,1,2675.67,5.1,161
Norway,NOR,EU,2021,2,2703.52,5.4,163.34
Norway,NOR,EU,2021,3,2731.66,4.5,172.39
Norway,NOR,EU,2021,4,2752.55,5.1,174.19
Norway,NOR,EU,2021,5,2784.67,5.6,176.13
Norway,NOR,EU,2021,6,2866.49,4.8,183.01
Norway,NOR,EU,2021,7,2905.54,4.8,182.26
Norway,NOR,EU,2021,8,2857.68,4,185.42
Norway,NOR,EU,2021,9,2882.54,3.8,187.92
Norway,NOR,EU,2021,10,2867.21,3.6,196.45
Norway,NOR,EU,2021,11,2927.29,3.8,200.61
Norway,NOR,EU,2021,12,2907.77,3,195.39
Norway,NOR,EU,2022,1,2969.87,3.2,
Norway,NOR,EU,2022,2,2917.65,3.5,
Norway,NOR,EU,2022,3,3005.26,3.2,
Norway,NOR,EU,2022,4,2993.24,2.6,
Norway,NOR,EU,2022,5,3031.09,3.9,
Norway,NOR,EU,2022,6,3116.29,3.4,
Norway,NOR,EU,2022,7,3135.14,2.7,
Norway,NOR,EU,2022,8,,,
Norway,NOR,EU,2022,9,,,
Norway,NOR,EU,2022,10,,,
Norway,NOR,EU,2022,11,,,
Norway,NOR,EU,2022,12,,,
United Kingdom,GBR,EU,1996,1,583.67,8.3,56.36
United Kingdom,GBR,EU,1996,2,587.35,8.2,56.68
United Kingdom,GBR,EU,1996,3,599.46,8.3,56.07
United Kingdom,GBR,EU,1996,4,599.79,8.3,57.5
United Kingdom,GBR,EU,1996,5,604.04,8.3,56.99
United Kingdom,GBR,EU,1996,6,614.98,8.2,56.62
United Kingdom,GBR,EU,1996,7,615.32,8.1,56.21
United Kingdom,GBR,EU,1996,8,618.17,8.1,58.25
United Kingdom,GBR,EU,1996,9,629.69,8.1,59.55
United Kingdom,GBR,EU,1996,10,623.85,8,60.97
United Kingdom,GBR,EU,1996,11,633.47,7.8,60.19
United Kingdom,GBR,EU,1996,12,636.78,7.7,61.24
United Kingdom,GBR,EU,1997,1,643.36,7.5,63.14
United Kingdom,GBR,EU,1997,2,651,7.3,65.45
United Kingdom,GBR,EU,1997,3,663.54,7.2,65.96
United Kingdom,GBR,EU,1997,4,661.36,7.2,65.39
United Kingdom,GBR,EU,1997,5,671.9,7.2,70.09
United Kingdom,GBR,EU,1997,6,698.11,7.3,70.5
United Kingdom,GBR,EU,1997,7,699.66,7.1,73.43
United Kingdom,GBR,EU,1997,8,700.95,6.8,74.99
United Kingdom,GBR,EU,1997,9,663.4,6.7,75.97
United Kingdom,GBR,EU,1997,10,677.92,6.6,78.02
United Kingdom,GBR,EU,1997,11,685.62,6.5,73.49
United Kingdom,GBR,EU,1997,12,688.55,6.4,77.14
United Kingdom,GBR,EU,1998,1,686.46,6.4,79.49
United Kingdom,GBR,EU,1998,2,691.53,6.4,85.77
United Kingdom,GBR,EU,1998,3,704.43,6.3,88.89
United Kingdom,GBR,EU,1998,4,701.24,6.3,90.59
United Kingdom,GBR,EU,1998,5,709.79,6.3,90.02
United Kingdom,GBR,EU,1998,6,714.65,6.3,88.66
United Kingdom,GBR,EU,1998,7,716.7,6.3,90.82
United Kingdom,GBR,EU,1998,8,716.84,6.2,84.24
United Kingdom,GBR,EU,1998,9,725.1,6.2,78.39
United Kingdom,GBR,EU,1998,10,724.49,6.2,76.79
United Kingdom,GBR,EU,1998,11,730.1,6.1,84.85
United Kingdom,GBR,EU,1998,12,728.4,6.2,86.22
United Kingdom,GBR,EU,1999,1,720.77,6.2,90.61
United Kingdom,GBR,EU,1999,2,724.77,6.2,91.14
United Kingdom,GBR,EU,1999,3,731.76,6.2,93.54
United Kingdom,GBR,EU,1999,4,734.16,6.1,97.95
United Kingdom,GBR,EU,1999,5,742.24,6,95.86
United Kingdom,GBR,EU,1999,6,748.52,6,97.44
United Kingdom,GBR,EU,1999,7,744.85,5.9,97.39
United Kingdom,GBR,EU,1999,8,743.45,5.9,94.18
United Kingdom,GBR,EU,1999,9,741.42,5.8,92.75
United Kingdom,GBR,EU,1999,10,741.78,5.8,92.06
United Kingdom,GBR,EU,1999,11,747.95,5.8,98.37
United Kingdom,GBR,EU,1999,12,751.35,5.9,101.9
United Kingdom,GBR,EU,2000,1,747.36,5.8,98.46
United Kingdom,GBR,EU,2000,2,754.3,5.8,93.69
United Kingdom,GBR,EU,2000,3,768.71,5.7,99.19
United Kingdom,GBR,EU,2000,4,776.78,5.6,95.61
United Kingdom,GBR,EU,2000,5,790.27,5.5,94.25
United Kingdom,GBR,EU,2000,6,799.11,5.3,97.88
United Kingdom,GBR,EU,2000,7,795.88,5.3,97.55
United Kingdom,GBR,EU,2000,8,799.88,5.3,98.31
United Kingdom,GBR,EU,2000,9,809.75,5.4,98
United Kingdom,GBR,EU,2000,10,812.86,5.3,95.43
United Kingdom,GBR,EU,2000,11,815.42,5.2,96.45
United Kingdom,GBR,EU,2000,12,823.69,5.2,94.46
United Kingdom,GBR,EU,2001,1,824.2,5.2,93.93
United Kingdom,GBR,EU,2001,2,823.66,5.1,92.78
United Kingdom,GBR,EU,2001,3,851.65,5,86.64
United Kingdom,GBR,EU,2001,4,851.96,4.9,87.46
United Kingdom,GBR,EU,2001,5,855.26,5,89.12
United Kingdom,GBR,EU,2001,6,860.08,5,87.24
United Kingdom,GBR,EU,2001,7,865.33,5.1,82.83
United Kingdom,GBR,EU,2001,8,866.64,5.1,82.57
United Kingdom,GBR,EU,2001,9,886.43,5.1,74.11
United Kingdom,GBR,EU,2001,10,886.59,5.1,76.73
United Kingdom,GBR,EU,2001,11,886.91,5.2,79.49
United Kingdom,GBR,EU,2001,12,891.85,5.2,78.56
United Kingdom,GBR,EU,2002,1,874.28,5.1,78.73
United Kingdom,GBR,EU,2002,2,876.13,5.2,77.74
United Kingdom,GBR,EU,2002,3,894.47,5.2,79.66
United Kingdom,GBR,EU,2002,4,895.07,5.2,78.99
United Kingdom,GBR,EU,2002,5,902.14,5.2,78.38
United Kingdom,GBR,EU,2002,6,912.75,5.2,72.29
United Kingdom,GBR,EU,2002,7,908.55,5.2,64.26
United Kingdom,GBR,EU,2002,8,916.95,5.3,64.63
United Kingdom,GBR,EU,2002,9,924.98,5.2,60
United Kingdom,GBR,EU,2002,10,927.15,5.2,60.18
United Kingdom,GBR,EU,2002,11,930.98,5.1,62.2
United Kingdom,GBR,EU,2002,12,932.33,5,59.87
United Kingdom,GBR,EU,2003,1,921.14,5.1,57.52
United Kingdom,GBR,EU,2003,2,932.13,5.2,55.25
United Kingdom,GBR,EU,2003,3,943.04,5.1,55.16
United Kingdom,GBR,EU,2003,4,946.52,5,58.61
United Kingdom,GBR,EU,2003,5,958.25,4.9,60.45
United Kingdom,GBR,EU,2003,6,967.89,5.1,62.47
United Kingdom,GBR,EU,2003,7,961.55,5.1,61.85
United Kingdom,GBR,EU,2003,8,968.75,5,63.41
United Kingdom,GBR,EU,2003,9,977.82,5,64.22
United Kingdom,GBR,EU,2003,10,978.4,4.9,65.06
United Kingdom,GBR,EU,2003,11,990.43,4.9,65.95
United Kingdom,GBR,EU,2003,12,997.6,4.8,66.67
United Kingdom,GBR,EU,2004,1,996.42,4.8,67.8
United Kingdom,GBR,EU,2004,2,1002.61,4.8,67.37
United Kingdom,GBR,EU,2004,3,1019.89,4.8,67.43
United Kingdom,GBR,EU,2004,4,1027.63,4.8,68.44
United Kingdom,GBR,EU,2004,5,1041.6,4.8,67.53
United Kingdom,GBR,EU,2004,6,1054.88,4.8,67.91
United Kingdom,GBR,EU,2004,7,1051.68,4.7,66.15
United Kingdom,GBR,EU,2004,8,1065.13,4.7,66.53
United Kingdom,GBR,EU,2004,9,1077.55,4.7,69.16
United Kingdom,GBR,EU,2004,10,1080.99,4.7,70.44
United Kingdom,GBR,EU,2004,11,1095.69,4.7,71.94
United Kingdom,GBR,EU,2004,12,1099.25,4.7,72.04
United Kingdom,GBR,EU,2005,1,1100.37,4.8,73.18
United Kingdom,GBR,EU,2005,2,1103.56,4.7,75.8
United Kingdom,GBR,EU,2005,3,1125.65,4.7,75.19
United Kingdom,GBR,EU,2005,4,1139.55,4.8,74.12
United Kingdom,GBR,EU,2005,5,1166.73,4.8,74.69
United Kingdom,GBR,EU,2005,6,1170.73,4.7,76.58
United Kingdom,GBR,EU,2005,7,1175.67,4.7,79.28
United Kingdom,GBR,EU,2005,8,1172.91,4.7,80.48
United Kingdom,GBR,EU,2005,9,1198.12,4.9,81.77
United Kingdom,GBR,EU,2005,10,1201.18,5.1,80.26
United Kingdom,GBR,EU,2005,11,1215.15,5.1,82.77
United Kingdom,GBR,EU,2005,12,1229.51,5.1,84.18
United Kingdom,GBR,EU,2006,1,1222.38,5.2,86.54
United Kingdom,GBR,EU,2006,2,1239.18,5.2,88.05
United Kingdom,GBR,EU,2006,3,1261.77,5.3,90.05
United Kingdom,GBR,EU,2006,4,1274.5,5.4,91.77
United Kingdom,GBR,EU,2006,5,1289.37,5.5,88.73
United Kingdom,GBR,EU,2006,6,1305.71,5.5,85.95
United Kingdom,GBR,EU,2006,7,1311.18,5.5,88.46
United Kingdom,GBR,EU,2006,8,1319.83,5.5,89.13
United Kingdom,GBR,EU,2006,9,1345.66,5.5,89.41
United Kingdom,GBR,EU,2006,10,1357.34,5.4,92.52
United Kingdom,GBR,EU,2006,11,1374.41,5.5,93.52
United Kingdom,GBR,EU,2006,12,1403.18,5.5,93.61
United Kingdom,GBR,EU,2007,1,1390.97,5.5,94.58
United Kingdom,GBR,EU,2007,2,1405.3,5.5,96.48
United Kingdom,GBR,EU,2007,3,1442.27,5.5,94.1
United Kingdom,GBR,EU,2007,4,1461.39,5.4,97.51
United Kingdom,GBR,EU,2007,5,1490,5.4,99.64
United Kingdom,GBR,EU,2007,6,1506.9,5.3,100.05
United Kingdom,GBR,EU,2007,7,1510.15,5.3,99.5
United Kingdom,GBR,EU,2007,8,1535.14,5.3,93.7
United Kingdom,GBR,EU,2007,9,1545.37,5.2,96.21
United Kingdom,GBR,EU,2007,10,1522.66,5.2,100.07
United Kingdom,GBR,EU,2007,11,1542.23,5.2,95.91
United Kingdom,GBR,EU,2007,12,1558.25,5.2,97.59
United Kingdom,GBR,EU,2008,1,1607.01,5.2,91.73
United Kingdom,GBR,EU,2008,2,1606.84,5.2,89.62
United Kingdom,GBR,EU,2008,3,1648.97,5.3,85.81
United Kingdom,GBR,EU,2008,4,1652.81,5.2,90.88
United Kingdom,GBR,EU,2008,5,1668.39,5.4,93.77
United Kingdom,GBR,EU,2008,6,1682.75,5.5,87.62
United Kingdom,GBR,EU,2008,7,1667.4,5.7,81.51
United Kingdom,GBR,EU,2008,8,1673.73,5.9,82.91
United Kingdom,GBR,EU,2008,9,1694.76,6,79.33
United Kingdom,GBR,EU,2008,10,1737.13,6.2,64.93
United Kingdom,GBR,EU,2008,11,1797.06,6.4,64.05
United Kingdom,GBR,EU,2008,12,1842.49,6.5,64.69
United Kingdom,GBR,EU,2009,1,1841.95,6.7,65.03
United Kingdom,GBR,EU,2009,2,1825.12,7.1,61.78
United Kingdom,GBR,EU,2009,3,1854.64,7.3,57.02
United Kingdom,GBR,EU,2009,4,1829.37,7.6,61.27
United Kingdom,GBR,EU,2009,5,1829.59,7.8,66.5
United Kingdom,GBR,EU,2009,6,1822.71,7.9,65.95
United Kingdom,GBR,EU,2009,7,1819.94,7.9,66.33
United Kingdom,GBR,EU,2009,8,1829.27,7.8,72.22
United Kingdom,GBR,EU,2009,9,1868.45,7.9,76.32
United Kingdom,GBR,EU,2009,10,1893.38,7.8,78.26
United Kingdom,GBR,EU,2009,11,1904.95,7.8,79.49
United Kingdom,GBR,EU,2009,12,1906.96,7.7,80.63
United Kingdom,GBR,EU,2010,1,2084.34,7.9,82.06
United Kingdom,GBR,EU,2010,2,2103.01,8,79.33
United Kingdom,GBR,EU,2010,3,2105.08,8,85.23
United Kingdom,GBR,EU,2010,4,2078.83,7.9,86.78
United Kingdom,GBR,EU,2010,5,2097.96,7.9,79.41
United Kingdom,GBR,EU,2010,6,2102.43,7.8,77.93
United Kingdom,GBR,EU,2010,7,2084.71,7.8,78.22
United Kingdom,GBR,EU,2010,8,2070.9,7.8,80
United Kingdom,GBR,EU,2010,9,2088.85,7.9,83.62
United Kingdom,GBR,EU,2010,10,2090.6,7.9,86.24
United Kingdom,GBR,EU,2010,11,2087.22,7.9,86.95
United Kingdom,GBR,EU,2010,12,2092.59,7.9,89.17
United Kingdom,GBR,EU,2011,1,2055.95,7.8,90.5
United Kingdom,GBR,EU,2011,2,2042.79,7.8,91.3
United Kingdom,GBR,EU,2011,3,2083.96,7.7,88.81
United Kingdom,GBR,EU,2011,4,2086.03,7.8,91.16
United Kingdom,GBR,EU,2011,5,2089.81,7.9,90.13
United Kingdom,GBR,EU,2011,6,2090.66,8,87.83
United Kingdom,GBR,EU,2011,7,2077.49,8.2,89.61
United Kingdom,GBR,EU,2011,8,2081.42,8.3,79.84
United Kingdom,GBR,EU,2011,9,2100.51,8.4,79.28
United Kingdom,GBR,EU,2011,10,2068.9,8.5,82.01
United Kingdom,GBR,EU,2011,11,2079.75,8.4,81.92
United Kingdom,GBR,EU,2011,12,2047.98,8.3,83.14
United Kingdom,GBR,EU,2012,1,2035.76,8.3,86.26
United Kingdom,GBR,EU,2012,2,1996.25,8.2,89.36
United Kingdom,GBR,EU,2012,3,2025.43,8.2,89.09
United Kingdom,GBR,EU,2012,4,2034.37,8.1,86.82
United Kingdom,GBR,EU,2012,5,2044.13,8,82.94
United Kingdom,GBR,EU,2012,6,2034.51,8,82.78
United Kingdom,GBR,EU,2012,7,2028.73,7.9,85.47
United Kingdom,GBR,EU,2012,8,2019.73,7.9,87.89
United Kingdom,GBR,EU,2012,9,2032.01,7.9,88.03
United Kingdom,GBR,EU,2012,10,2016.44,7.8,88.43
United Kingdom,GBR,EU,2012,11,2026.75,7.8,87.76
United Kingdom,GBR,EU,2012,12,2058.13,7.8,89.85
United Kingdom,GBR,EU,2013,1,2042.08,8,93.26
United Kingdom,GBR,EU,2013,2,2055.49,7.8,95.78
United Kingdom,GBR,EU,2013,3,2076.36,7.8,97.57
United Kingdom,GBR,EU,2013,4,2077.21,7.8,96.49
United Kingdom,GBR,EU,2013,5,2083.48,7.7,100.72
United Kingdom,GBR,EU,2013,6,2095.63,7.7,95.52
United Kingdom,GBR,EU,2013,7,2101.36,7.7,98.83
United Kingdom,GBR,EU,2013,8,2102.45,7.6,98.87
United Kingdom,GBR,EU,2013,9,2098.33,7.4,99.36
United Kingdom,GBR,EU,2013,10,2098.31,7.2,99.65
United Kingdom,GBR,EU,2013,11,2108.9,7.2,101.51
United Kingdom,GBR,EU,2013,12,2088.29,7.2,99.84
United Kingdom,GBR,EU,2014,1,2080.57,6.9,101.84
United Kingdom,GBR,EU,2014,2,2093.89,6.8,101.49
United Kingdom,GBR,EU,2014,3,2087.33,6.6,100.56
United Kingdom,GBR,EU,2014,4,2071.48,6.4,100.83
United Kingdom,GBR,EU,2014,5,2074.32,6.3,103.62
United Kingdom,GBR,EU,2014,6,2075.34,6.1,103.18
United Kingdom,GBR,EU,2014,7,2068.19,6,102.69
United Kingdom,GBR,EU,2014,8,2065.51,6,101.83
United Kingdom,GBR,EU,2014,9,2077.27,6,102.77
United Kingdom,GBR,EU,2014,10,2058.42,5.9,97.18
United Kingdom,GBR,EU,2014,11,2076.97,5.7,100.75
United Kingdom,GBR,EU,2014,12,2086.85,5.7,99.3
United Kingdom,GBR,EU,2015,1,2062.51,5.6,100.27
United Kingdom,GBR,EU,2015,2,2054.23,5.5,104.3
United Kingdom,GBR,EU,2015,3,2088.35,5.5,104.39
United Kingdom,GBR,EU,2015,4,2084.13,5.6,106.09
United Kingdom,GBR,EU,2015,5,2092.55,5.6,105.91
United Kingdom,GBR,EU,2015,6,2096.81,5.5,102.86
United Kingdom,GBR,EU,2015,7,2108.68,5.4,100.79
United Kingdom,GBR,EU,2015,8,2106.79,5.3,97.74
United Kingdom,GBR,EU,2015,9,2115.62,5.2,92.31
United Kingdom,GBR,EU,2015,10,2124.06,5.1,96.15
United Kingdom,GBR,EU,2015,11,2132.94,5.1,95.63
United Kingdom,GBR,EU,2015,12,2134.7,5.1,93.56
United Kingdom,GBR,EU,2016,1,2145.4,5.1,90.04
United Kingdom,GBR,EU,2016,2,2167.34,5.1,89.19
United Kingdom,GBR,EU,2016,3,2178.74,5,93.3
United Kingdom,GBR,EU,2016,4,2168.66,4.9,95.1
United Kingdom,GBR,EU,2016,5,2182.45,4.9,93.61
United Kingdom,GBR,EU,2016,6,2253.98,4.9,93.64
United Kingdom,GBR,EU,2016,7,2262.84,5,100.93
United Kingdom,GBR,EU,2016,8,2275.87,4.8,103.45
United Kingdom,GBR,EU,2016,9,2281.89,4.8,103.32
United Kingdom,GBR,EU,2016,10,2295.12,4.8,106.31
United Kingdom,GBR,EU,2016,11,2285.84,4.7,103.16
United Kingdom,GBR,EU,2016,12,2284.02,4.7,105.7
United Kingdom,GBR,EU,2017,1,2265.46,4.6,109.3
United Kingdom,GBR,EU,2017,2,2266.09,4.6,109.79
United Kingdom,GBR,EU,2017,3,2289.21,4.5,111.6
United Kingdom,GBR,EU,2017,4,2292.61,4.4,110.24
United Kingdom,GBR,EU,2017,5,2311.61,4.4,112.49
United Kingdom,GBR,EU,2017,6,2327.13,4.3,113.18
United Kingdom,GBR,EU,2017,7,2318.74,4.3,112.15
United Kingdom,GBR,EU,2017,8,2339.66,4.3,112.34
United Kingdom,GBR,EU,2017,9,2347.13,4.2,111.22
United Kingdom,GBR,EU,2017,10,2343.08,4.3,113.85
United Kingdom,GBR,EU,2017,11,2352.79,4.4,112.84
United Kingdom,GBR,EU,2017,12,2347.77,4.3,113.61
United Kingdom,GBR,EU,2018,1,2339.7,4.2,116.69
United Kingdom,GBR,EU,2018,2,2335.33,4.2,110.02
United Kingdom,GBR,EU,2018,3,2338.53,4.2,107.49
United Kingdom,GBR,EU,2018,4,2346.94,4.2,110.35
United Kingdom,GBR,EU,2018,5,2373.78,4,116.56
United Kingdom,GBR,EU,2018,6,2385.12,4,116.11
United Kingdom,GBR,EU,2018,7,2375.34,4,116.02
United Kingdom,GBR,EU,2018,8,2385.2,4.1,115.31
United Kingdom,GBR,EU,2018,9,2397.12,4.1,112
United Kingdom,GBR,EU,2018,10,2419.35,4,108.22
United Kingdom,GBR,EU,2018,11,2426.65,4,106.76
United Kingdom,GBR,EU,2018,12,2421.01,3.9,102.82
United Kingdom,GBR,EU,2019,1,2386.89,3.9,103.96
United Kingdom,GBR,EU,2019,2,2377.87,3.8,108.38
United Kingdom,GBR,EU,2019,3,2405.57,3.8,109.25
United Kingdom,GBR,EU,2019,4,2409.16,3.8,112.76
United Kingdom,GBR,EU,2019,5,2411.27,3.9,110.39
United Kingdom,GBR,EU,2019,6,2427.61,3.8,111.59
United Kingdom,GBR,EU,2019,7,2421.27,3.9,114.47
United Kingdom,GBR,EU,2019,8,2440.96,3.8,109.16
United Kingdom,GBR,EU,2019,9,2440.38,3.8,111
United Kingdom,GBR,EU,2019,10,2422.17,3.8,109.5
United Kingdom,GBR,EU,2019,11,2443.54,3.8,111.43
United Kingdom,GBR,EU,2019,12,2448.52,3.9,112.58
United Kingdom,GBR,EU,2020,1,2436.45,4,114.6
United Kingdom,GBR,EU,2020,2,2459.73,4,110.9
United Kingdom,GBR,EU,2020,3,2593.91,4.1,87.07
United Kingdom,GBR,EU,2020,4,2628.08,4.1,87.03
United Kingdom,GBR,EU,2020,5,2687.56,4.1,90.33
United Kingdom,GBR,EU,2020,6,2711.85,4.3,94.69
United Kingdom,GBR,EU,2020,7,2719.67,4.6,93.52
United Kingdom,GBR,EU,2020,8,2729.54,4.9,92.02
United Kingdom,GBR,EU,2020,9,2733.56,5.1,89.97
United Kingdom,GBR,EU,2020,10,2769.47,5.1,88.73
United Kingdom,GBR,EU,2020,11,2790.11,5.2,94.36
United Kingdom,GBR,EU,2020,12,2808.23,5.1,98.83
United Kingdom,GBR,EU,2021,1,2798.15,5.1,101.4
United Kingdom,GBR,EU,2021,2,2817.95,4.9,99.83
United Kingdom,GBR,EU,2021,3,2847.94,4.9,101.8
United Kingdom,GBR,EU,2021,4,2866.02,4.9,104.72
United Kingdom,GBR,EU,2021,5,2872.14,4.7,106.47
United Kingdom,GBR,EU,2021,6,2898.16,4.6,107.62
United Kingdom,GBR,EU,2021,7,2897.85,4.4,106.87
United Kingdom,GBR,EU,2021,8,2902.24,4.3,108.25
United Kingdom,GBR,EU,2021,9,2936.57,4.2,107.13
United Kingdom,GBR,EU,2021,10,2965.21,4.1,108.62
United Kingdom,GBR,EU,2021,11,2987.63,4,110.16
United Kingdom,GBR,EU,2021,12,2981.5,4,110.51
United Kingdom,GBR,EU,2022,1,2954.52,3.8,
United Kingdom,GBR,EU,2022,2,2971.14,3.7,
United Kingdom,GBR,EU,2022,3,3020.15,3.8,
United Kingdom,GBR,EU,2022,4,3032.56,3.8,
United Kingdom,GBR,EU,2022,5,3044.1,3.8,
United Kingdom,GBR,EU,2022,6,3079.28,,
United Kingdom,GBR,EU,2022,7,3083.52,,
United Kingdom,GBR,EU,2022,8,,,
United Kingdom,GBR,EU,2022,9,,,
United Kingdom,GBR,EU,2022,10,,,
United Kingdom,GBR,EU,2022,11,,,
United Kingdom,GBR,EU,2022,12,,,
