Country,Code,ContinentCode,Year,Month,GDP billion currency units,Consumer Price Index (CPI)
Australia,AUS,OC,1996,1,,
Australia,AUS,OC,1996,2,,
Australia,AUS,OC,1996,3,128.02,66.2
Australia,AUS,OC,1996,4,,
Australia,AUS,OC,1996,5,,
Australia,AUS,OC,1996,6,133.65,66.7
Australia,AUS,OC,1996,7,,
Australia,AUS,OC,1996,8,,
Australia,AUS,OC,1996,9,135.15,66.9
Australia,AUS,OC,1996,10,,
Australia,AUS,OC,1996,11,,
Australia,AUS,OC,1996,12,145.94,67
Australia,AUS,OC,1997,1,,
Australia,AUS,OC,1997,2,,
Australia,AUS,OC,1997,3,133.57,67.1
Australia,AUS,OC,1997,4,,
Australia,AUS,OC,1997,5,,
Australia,AUS,OC,1997,6,141.59,66.9
Australia,AUS,OC,1997,7,,
Australia,AUS,OC,1997,8,,
Australia,AUS,OC,1997,9,143.27,66.6
Australia,AUS,OC,1997,10,,
Australia,AUS,OC,1997,11,,
Australia,AUS,OC,1997,12,154.64,66.8
Australia,AUS,OC,1998,1,,
Australia,AUS,OC,1998,2,,
Australia,AUS,OC,1998,3,142.38,67
Australia,AUS,OC,1998,4,,
Australia,AUS,OC,1998,5,,
Australia,AUS,OC,1998,6,148.55,67.4
Australia,AUS,OC,1998,7,,
Australia,AUS,OC,1998,8,,
Australia,AUS,OC,1998,9,151.42,67.5
Australia,AUS,OC,1998,10,,
Australia,AUS,OC,1998,11,,
Australia,AUS,OC,1998,12,162.32,67.8
Australia,AUS,OC,1999,1,,
Australia,AUS,OC,1999,2,,
Australia,AUS,OC,1999,3,150.98,67.8
Australia,AUS,OC,1999,4,,
Australia,AUS,OC,1999,5,,
Australia,AUS,OC,1999,6,156.21,68.1
Australia,AUS,OC,1999,7,,
Australia,AUS,OC,1999,8,,
Australia,AUS,OC,1999,9,159.63,68.7
Australia,AUS,OC,1999,10,,
Australia,AUS,OC,1999,11,,
Australia,AUS,OC,1999,12,170.52,69.1
Australia,AUS,OC,2000,1,,
Australia,AUS,OC,2000,2,,
Australia,AUS,OC,2000,3,162.85,69.7
Australia,AUS,OC,2000,4,,
Australia,AUS,OC,2000,5,,
Australia,AUS,OC,2000,6,168.72,70.2
Australia,AUS,OC,2000,7,,
Australia,AUS,OC,2000,8,,
Australia,AUS,OC,2000,9,173.63,72.9
Australia,AUS,OC,2000,10,,
Australia,AUS,OC,2000,11,,
Australia,AUS,OC,2000,12,181.45,73.1
Australia,AUS,OC,2001,1,,
Australia,AUS,OC,2001,2,,
Australia,AUS,OC,2001,3,172.96,73.9
Australia,AUS,OC,2001,4,,
Australia,AUS,OC,2001,5,,
Australia,AUS,OC,2001,6,178.34,74.5
Australia,AUS,OC,2001,7,,
Australia,AUS,OC,2001,8,,
Australia,AUS,OC,2001,9,182.8,74.7
Australia,AUS,OC,2001,10,,
Australia,AUS,OC,2001,11,,
Australia,AUS,OC,2001,12,195.84,75.4
Australia,AUS,OC,2002,1,,
Australia,AUS,OC,2002,2,,
Australia,AUS,OC,2002,3,184.44,76.1
Australia,AUS,OC,2002,4,,
Australia,AUS,OC,2002,5,,
Australia,AUS,OC,2002,6,192.51,76.6
Australia,AUS,OC,2002,7,,
Australia,AUS,OC,2002,8,,
Australia,AUS,OC,2002,9,196.4,77.1
Australia,AUS,OC,2002,10,,
Australia,AUS,OC,2002,11,,
Australia,AUS,OC,2002,12,208.91,77.6
Australia,AUS,OC,2003,1,,
Australia,AUS,OC,2003,2,,
Australia,AUS,OC,2003,3,194.9,78.6
Australia,AUS,OC,2003,4,,
Australia,AUS,OC,2003,5,,
Australia,AUS,OC,2003,6,202.3,78.6
Australia,AUS,OC,2003,7,,
Australia,AUS,OC,2003,8,,
Australia,AUS,OC,2003,9,207.83,79.1
Australia,AUS,OC,2003,10,,
Australia,AUS,OC,2003,11,,
Australia,AUS,OC,2003,12,225.1,79.5
Australia,AUS,OC,2004,1,,
Australia,AUS,OC,2004,2,,
Australia,AUS,OC,2004,3,210.53,80.2
Australia,AUS,OC,2004,4,,
Australia,AUS,OC,2004,5,,
Australia,AUS,OC,2004,6,219.95,80.6
Australia,AUS,OC,2004,7,,
Australia,AUS,OC,2004,8,,
Australia,AUS,OC,2004,9,224.35,80.9
Australia,AUS,OC,2004,10,,
Australia,AUS,OC,2004,11,,
Australia,AUS,OC,2004,12,239.62,81.5
Australia,AUS,OC,2005,1,,
Australia,AUS,OC,2005,2,,
Australia,AUS,OC,2005,3,224.2,82.1
Australia,AUS,OC,2005,4,,
Australia,AUS,OC,2005,5,,
Australia,AUS,OC,2005,6,236.42,82.6
Australia,AUS,OC,2005,7,,
Australia,AUS,OC,2005,8,,
Australia,AUS,OC,2005,9,242.93,83.4
Australia,AUS,OC,2005,10,,
Australia,AUS,OC,2005,11,,
Australia,AUS,OC,2005,12,260.39,83.8
Australia,AUS,OC,2006,1,,
Australia,AUS,OC,2006,2,,
Australia,AUS,OC,2006,3,241.58,84.5
Australia,AUS,OC,2006,4,,
Australia,AUS,OC,2006,5,,
Australia,AUS,OC,2006,6,253.54,85.9
Australia,AUS,OC,2006,7,,
Australia,AUS,OC,2006,8,,
Australia,AUS,OC,2006,9,262.73,86.7
Australia,AUS,OC,2006,10,,
Australia,AUS,OC,2006,11,,
Australia,AUS,OC,2006,12,281.19,86.6
Australia,AUS,OC,2007,1,,
Australia,AUS,OC,2007,2,,
Australia,AUS,OC,2007,3,264.64,86.6
Australia,AUS,OC,2007,4,,
Australia,AUS,OC,2007,5,,
Australia,AUS,OC,2007,6,279.13,87.7
Australia,AUS,OC,2007,7,,
Australia,AUS,OC,2007,8,,
Australia,AUS,OC,2007,9,284.52,88.3
Australia,AUS,OC,2007,10,,
Australia,AUS,OC,2007,11,,
Australia,AUS,OC,2007,12,304.43,89.1
Australia,AUS,OC,2008,1,,
Australia,AUS,OC,2008,2,,
Australia,AUS,OC,2008,3,284.81,90.3
Australia,AUS,OC,2008,4,,
Australia,AUS,OC,2008,5,,
Australia,AUS,OC,2008,6,304.83,91.6
Australia,AUS,OC,2008,7,,
Australia,AUS,OC,2008,8,,
Australia,AUS,OC,2008,9,315.49,92.7
Australia,AUS,OC,2008,10,,
Australia,AUS,OC,2008,11,,
Australia,AUS,OC,2008,12,330.61,92.4
Australia,AUS,OC,2009,1,,
Australia,AUS,OC,2009,2,,
Australia,AUS,OC,2009,3,302.61,92.5
Australia,AUS,OC,2009,4,,
Australia,AUS,OC,2009,5,,
Australia,AUS,OC,2009,6,311.76,92.9
Australia,AUS,OC,2009,7,,
Australia,AUS,OC,2009,8,,
Australia,AUS,OC,2009,9,313.65,93.8
Australia,AUS,OC,2009,10,,
Australia,AUS,OC,2009,11,,
Australia,AUS,OC,2009,12,334.58,94.3
Australia,AUS,OC,2010,1,,
Australia,AUS,OC,2010,2,,
Australia,AUS,OC,2010,3,314.51,95.2
Australia,AUS,OC,2010,4,,
Australia,AUS,OC,2010,5,,
Australia,AUS,OC,2010,6,340.12,95.8
Australia,AUS,OC,2010,7,,
Australia,AUS,OC,2010,8,,
Australia,AUS,OC,2010,9,345.16,96.5
Australia,AUS,OC,2010,10,,
Australia,AUS,OC,2010,11,,
Australia,AUS,OC,2010,12,365.26,96.9
Australia,AUS,OC,2011,1,,
Australia,AUS,OC,2011,2,,
Australia,AUS,OC,2011,3,341.05,98.3
Australia,AUS,OC,2011,4,,
Australia,AUS,OC,2011,5,,
Australia,AUS,OC,2011,6,366.44,99.2
Australia,AUS,OC,2011,7,,
Australia,AUS,OC,2011,8,,
Australia,AUS,OC,2011,9,372.65,99.8
Australia,AUS,OC,2011,10,,
Australia,AUS,OC,2011,11,,
Australia,AUS,OC,2011,12,388.17,99.8
Australia,AUS,OC,2012,1,,
Australia,AUS,OC,2012,2,,
Australia,AUS,OC,2012,3,358.27,99.9
Australia,AUS,OC,2012,4,,
Australia,AUS,OC,2012,5,,
Australia,AUS,OC,2012,6,380.72,100.4
Australia,AUS,OC,2012,7,,
Australia,AUS,OC,2012,8,,
Australia,AUS,OC,2012,9,379.74,101.8
Australia,AUS,OC,2012,10,,
Australia,AUS,OC,2012,11,,
Australia,AUS,OC,2012,12,396.4,102
Australia,AUS,OC,2013,1,,
Australia,AUS,OC,2013,2,,
Australia,AUS,OC,2013,3,369.51,102.4
Australia,AUS,OC,2013,4,,
Australia,AUS,OC,2013,5,,
Australia,AUS,OC,2013,6,390.8,102.8
Australia,AUS,OC,2013,7,,
Australia,AUS,OC,2013,8,,
Australia,AUS,OC,2013,9,392.67,104
Australia,AUS,OC,2013,10,,
Australia,AUS,OC,2013,11,,
Australia,AUS,OC,2013,12,415.76,104.8
Australia,AUS,OC,2014,1,,
Australia,AUS,OC,2014,2,,
Australia,AUS,OC,2014,3,386.68,105.4
Australia,AUS,OC,2014,4,,
Australia,AUS,OC,2014,5,,
Australia,AUS,OC,2014,6,403.44,105.9
Australia,AUS,OC,2014,7,,
Australia,AUS,OC,2014,8,,
Australia,AUS,OC,2014,9,401.8,106.4
Australia,AUS,OC,2014,10,,
Australia,AUS,OC,2014,11,,
Australia,AUS,OC,2014,12,421.19,106.6
Australia,AUS,OC,2015,1,,
Australia,AUS,OC,2015,2,,
Australia,AUS,OC,2015,3,391.93,106.8
Australia,AUS,OC,2015,4,,
Australia,AUS,OC,2015,5,,
Australia,AUS,OC,2015,6,408.29,107.5
Australia,AUS,OC,2015,7,,
Australia,AUS,OC,2015,8,,
Australia,AUS,OC,2015,9,410.7,108
Australia,AUS,OC,2015,10,,
Australia,AUS,OC,2015,11,,
Australia,AUS,OC,2015,12,427.42,108.4
Australia,AUS,OC,2016,1,,
Australia,AUS,OC,2016,2,,
Australia,AUS,OC,2016,3,397.88,108.2
Australia,AUS,OC,2016,4,,
Australia,AUS,OC,2016,5,,
Australia,AUS,OC,2016,6,421.75,108.6
Australia,AUS,OC,2016,7,,
Australia,AUS,OC,2016,8,,
Australia,AUS,OC,2016,9,423.76,109.4
Australia,AUS,OC,2016,10,,
Australia,AUS,OC,2016,11,,
Australia,AUS,OC,2016,12,456.49,110
Australia,AUS,OC,2017,1,,
Australia,AUS,OC,2017,2,,
Australia,AUS,OC,2017,3,429.78,110.5
Australia,AUS,OC,2017,4,,
Australia,AUS,OC,2017,5,,
Australia,AUS,OC,2017,6,449.29,110.7
Australia,AUS,OC,2017,7,,
Australia,AUS,OC,2017,8,,
Australia,AUS,OC,2017,9,451.62,111.4
Australia,AUS,OC,2017,10,,
Australia,AUS,OC,2017,11,,
Australia,AUS,OC,2017,12,472.04,112.1
Australia,AUS,OC,2018,1,,
Australia,AUS,OC,2018,2,,
Australia,AUS,OC,2018,3,446.28,112.6
Australia,AUS,OC,2018,4,,
Australia,AUS,OC,2018,5,,
Australia,AUS,OC,2018,6,473,113
Australia,AUS,OC,2018,7,,
Australia,AUS,OC,2018,8,,
Australia,AUS,OC,2018,9,475.74,113.5
Australia,AUS,OC,2018,10,,
Australia,AUS,OC,2018,11,,
Australia,AUS,OC,2018,12,500.27,114.1
Australia,AUS,OC,2019,1,,
Australia,AUS,OC,2019,2,,
Australia,AUS,OC,2019,3,470.72,114.1
Australia,AUS,OC,2019,4,,
Australia,AUS,OC,2019,5,,
Australia,AUS,OC,2019,6,499.51,114.8
Australia,AUS,OC,2019,7,,
Australia,AUS,OC,2019,8,,
Australia,AUS,OC,2019,9,502.8,115.4
Australia,AUS,OC,2019,10,,
Australia,AUS,OC,2019,11,,
Australia,AUS,OC,2019,12,522.01,116.2
Australia,AUS,OC,2020,1,,
Australia,AUS,OC,2020,2,,
Australia,AUS,OC,2020,3,486.24,116.6
Australia,AUS,OC,2020,4,,
Australia,AUS,OC,2020,5,,
Australia,AUS,OC,2020,6,469.81,114.4
Australia,AUS,OC,2020,7,,
Australia,AUS,OC,2020,8,,
Australia,AUS,OC,2020,9,485.33,116.2
Australia,AUS,OC,2020,10,,
Australia,AUS,OC,2020,11,,
Australia,AUS,OC,2020,12,527.51,117.2
Australia,AUS,OC,2021,1,,
Australia,AUS,OC,2021,2,,
Australia,AUS,OC,2021,3,506.84,117.9
Australia,AUS,OC,2021,4,,
Australia,AUS,OC,2021,5,,
Australia,AUS,OC,2021,6,549.5,118.8
Australia,AUS,OC,2021,7,,
Australia,AUS,OC,2021,8,,
Australia,AUS,OC,2021,9,539.04,119.7
Australia,AUS,OC,2021,10,,
Australia,AUS,OC,2021,11,,
Australia,AUS,OC,2021,12,582.02,121.3
Australia,AUS,OC,2022,1,,
Australia,AUS,OC,2022,2,,
Australia,AUS,OC,2022,3,561.37,123.9
Australia,AUS,OC,2022,4,,
Australia,AUS,OC,2022,5,,
Australia,AUS,OC,2022,6,614.17,126.1
Australia,AUS,OC,2022,7,,
Australia,AUS,OC,2022,8,,
Australia,AUS,OC,2022,9,,
Australia,AUS,OC,2022,10,,
Australia,AUS,OC,2022,11,,
Australia,AUS,OC,2022,12,,
Canada,CAN,NA,1996,1,,87.8
Canada,CAN,NA,1996,2,,88
Canada,CAN,NA,1996,3,202.7,88.1
Canada,CAN,NA,1996,4,,88.5
Canada,CAN,NA,1996,5,,88.7
Canada,CAN,NA,1996,6,208.64,89
Canada,CAN,NA,1996,7,,89
Canada,CAN,NA,1996,8,,89
Canada,CAN,NA,1996,9,225.19,89
Canada,CAN,NA,1996,10,,89.1
Canada,CAN,NA,1996,11,,89.3
Canada,CAN,NA,1996,12,223.31,89.7
Canada,CAN,NA,1997,1,,89.7
Canada,CAN,NA,1997,2,,89.9
Canada,CAN,NA,1997,3,214.42,90.1
Canada,CAN,NA,1997,4,,90.2
Canada,CAN,NA,1997,5,,90.2
Canada,CAN,NA,1997,6,222.46,90.3
Canada,CAN,NA,1997,7,,90.5
Canada,CAN,NA,1997,8,,90.5
Canada,CAN,NA,1997,9,236,90.6
Canada,CAN,NA,1997,10,,90.6
Canada,CAN,NA,1997,11,,90.6
Canada,CAN,NA,1997,12,234.05,90.5
Canada,CAN,NA,1998,1,,90.4
Canada,CAN,NA,1998,2,,90.9
Canada,CAN,NA,1998,3,223.47,91
Canada,CAN,NA,1998,4,,91.1
Canada,CAN,NA,1998,5,,91
Canada,CAN,NA,1998,6,232.12,91.3
Canada,CAN,NA,1998,7,,91.4
Canada,CAN,NA,1998,8,,91.4
Canada,CAN,NA,1998,9,242.73,91.4
Canada,CAN,NA,1998,10,,91.2
Canada,CAN,NA,1998,11,,91.6
Canada,CAN,NA,1998,12,242.23,91.6
Canada,CAN,NA,1999,1,,91.3
Canada,CAN,NA,1999,2,,91.5
Canada,CAN,NA,1999,3,234.11,91.6
Canada,CAN,NA,1999,4,,92
Canada,CAN,NA,1999,5,,92.5
Canada,CAN,NA,1999,6,248.06,92.7
Canada,CAN,NA,1999,7,,92.9
Canada,CAN,NA,1999,8,,93.1
Canada,CAN,NA,1999,9,262.47,93.3
Canada,CAN,NA,1999,10,,93.6
Canada,CAN,NA,1999,11,,93.7
Canada,CAN,NA,1999,12,263.29,93.6
Canada,CAN,NA,2000,1,,93.7
Canada,CAN,NA,2000,2,,93.5
Canada,CAN,NA,2000,3,257.88,94.1
Canada,CAN,NA,2000,4,,94.8
Canada,CAN,NA,2000,5,,94.5
Canada,CAN,NA,2000,6,274.52,94.9
Canada,CAN,NA,2000,7,,95.5
Canada,CAN,NA,2000,8,,95.8
Canada,CAN,NA,2000,9,287.73,95.7
Canada,CAN,NA,2000,10,,96.1
Canada,CAN,NA,2000,11,,96.3
Canada,CAN,NA,2000,12,285.94,96.6
Canada,CAN,NA,2001,1,,96.7
Canada,CAN,NA,2001,2,,96.3
Canada,CAN,NA,2001,3,277.28,96.8
Canada,CAN,NA,2001,4,,97.1
Canada,CAN,NA,2001,5,,97.8
Canada,CAN,NA,2001,6,287.27,98.6
Canada,CAN,NA,2001,7,,98.7
Canada,CAN,NA,2001,8,,98.4
Canada,CAN,NA,2001,9,291.89,98.4
Canada,CAN,NA,2001,10,,98.6
Canada,CAN,NA,2001,11,,98.1
Canada,CAN,NA,2001,12,288.1,97.2
Canada,CAN,NA,2002,1,,97.4
Canada,CAN,NA,2002,2,,97.6
Canada,CAN,NA,2002,3,278.5,98.2
Canada,CAN,NA,2002,4,,98.9
Canada,CAN,NA,2002,5,,99.5
Canada,CAN,NA,2002,6,297.09,99.7
Canada,CAN,NA,2002,7,,99.9
Canada,CAN,NA,2002,8,,100.5
Canada,CAN,NA,2002,9,308.93,100.9
Canada,CAN,NA,2002,10,,100.9
Canada,CAN,NA,2002,11,,101.2
Canada,CAN,NA,2002,12,309.17,101.5
Canada,CAN,NA,2003,1,,101.1
Canada,CAN,NA,2003,2,,102
Canada,CAN,NA,2003,3,301.29,102.8
Canada,CAN,NA,2003,4,,103.1
Canada,CAN,NA,2003,5,,102.4
Canada,CAN,NA,2003,6,309.05,102.5
Canada,CAN,NA,2003,7,,102.5
Canada,CAN,NA,2003,8,,102.6
Canada,CAN,NA,2003,9,322.99,102.9
Canada,CAN,NA,2003,10,,103.1
Canada,CAN,NA,2003,11,,102.8
Canada,CAN,NA,2003,12,321.42,103.1
Canada,CAN,NA,2004,1,,103.2
Canada,CAN,NA,2004,2,,103.3
Canada,CAN,NA,2004,3,312.73,103.5
Canada,CAN,NA,2004,4,,103.9
Canada,CAN,NA,2004,5,,104.1
Canada,CAN,NA,2004,6,330.44,105
Canada,CAN,NA,2004,7,,105.1
Canada,CAN,NA,2004,8,,105
Canada,CAN,NA,2004,9,347.16,104.8
Canada,CAN,NA,2004,10,,105
Canada,CAN,NA,2004,11,,105.2
Canada,CAN,NA,2004,12,345.4,105.6
Canada,CAN,NA,2005,1,,105.4
Canada,CAN,NA,2005,2,,105.3
Canada,CAN,NA,2005,3,334.17,105.7
Canada,CAN,NA,2005,4,,106.3
Canada,CAN,NA,2005,5,,106.6
Canada,CAN,NA,2005,6,349.24,106.7
Canada,CAN,NA,2005,7,,106.9
Canada,CAN,NA,2005,8,,107.1
Canada,CAN,NA,2005,9,368.35,107.5
Canada,CAN,NA,2005,10,,108.4
Canada,CAN,NA,2005,11,,107.9
Canada,CAN,NA,2005,12,369.83,107.7
Canada,CAN,NA,2006,1,,107.6
Canada,CAN,NA,2006,2,,108.2
Canada,CAN,NA,2006,3,355.19,108
Canada,CAN,NA,2006,4,,108.6
Canada,CAN,NA,2006,5,,109.2
Canada,CAN,NA,2006,6,371.29,109.7
Canada,CAN,NA,2006,7,,109.5
Canada,CAN,NA,2006,8,,109.6
Canada,CAN,NA,2006,9,386.36,109.8
Canada,CAN,NA,2006,10,,109.2
Canada,CAN,NA,2006,11,,109
Canada,CAN,NA,2006,12,383.76,109.2
Canada,CAN,NA,2007,1,,109.4
Canada,CAN,NA,2007,2,,109.4
Canada,CAN,NA,2007,3,371.45,110.2
Canada,CAN,NA,2007,4,,111.1
Canada,CAN,NA,2007,5,,111.6
Canada,CAN,NA,2007,6,391.49,112.1
Canada,CAN,NA,2007,7,,111.9
Canada,CAN,NA,2007,8,,112
Canada,CAN,NA,2007,9,409.24,111.7
Canada,CAN,NA,2007,10,,111.9
Canada,CAN,NA,2007,11,,111.6
Canada,CAN,NA,2007,12,405.48,111.9
Canada,CAN,NA,2008,1,,112
Canada,CAN,NA,2008,2,,111.8
Canada,CAN,NA,2008,3,389.66,112.2
Canada,CAN,NA,2008,4,,112.6
Canada,CAN,NA,2008,5,,113.5
Canada,CAN,NA,2008,6,411.7,114.6
Canada,CAN,NA,2008,7,,115.4
Canada,CAN,NA,2008,8,,115.8
Canada,CAN,NA,2008,9,442.41,115.6
Canada,CAN,NA,2008,10,,115.7
Canada,CAN,NA,2008,11,,114.5
Canada,CAN,NA,2008,12,413.27,114.1
Canada,CAN,NA,2009,1,,113.3
Canada,CAN,NA,2009,2,,113
Canada,CAN,NA,2009,3,375.04,113.8
Canada,CAN,NA,2009,4,,114
Canada,CAN,NA,2009,5,,113.9
Canada,CAN,NA,2009,6,382.73,114.7
Canada,CAN,NA,2009,7,,115.1
Canada,CAN,NA,2009,8,,114.7
Canada,CAN,NA,2009,9,407,114.7
Canada,CAN,NA,2009,10,,114.7
Canada,CAN,NA,2009,11,,114.6
Canada,CAN,NA,2009,12,406.57,115.2
Canada,CAN,NA,2010,1,,114.8
Canada,CAN,NA,2010,2,,115.1
Canada,CAN,NA,2010,3,391.7,115.6
Canada,CAN,NA,2010,4,,115.6
Canada,CAN,NA,2010,5,,116
Canada,CAN,NA,2010,6,407.59,116.3
Canada,CAN,NA,2010,7,,116.2
Canada,CAN,NA,2010,8,,116.8
Canada,CAN,NA,2010,9,430.75,116.7
Canada,CAN,NA,2010,10,,116.9
Canada,CAN,NA,2010,11,,117.4
Canada,CAN,NA,2010,12,436.01,117.5
Canada,CAN,NA,2011,1,,117.5
Canada,CAN,NA,2011,2,,117.8
Canada,CAN,NA,2011,3,417.22,118.1
Canada,CAN,NA,2011,4,,119.4
Canada,CAN,NA,2011,5,,119.8
Canada,CAN,NA,2011,6,432.64,120.6
Canada,CAN,NA,2011,7,,119.8
Canada,CAN,NA,2011,8,,120
Canada,CAN,NA,2011,9,461.08,120.3
Canada,CAN,NA,2011,10,,120.6
Canada,CAN,NA,2011,11,,120.8
Canada,CAN,NA,2011,12,463.12,120.9
Canada,CAN,NA,2012,1,,120.2
Canada,CAN,NA,2012,2,,120.7
Canada,CAN,NA,2012,3,432.81,121.2
Canada,CAN,NA,2012,4,,121.7
Canada,CAN,NA,2012,5,,122.2
Canada,CAN,NA,2012,6,446.95,122.1
Canada,CAN,NA,2012,7,,121.6
Canada,CAN,NA,2012,8,,121.5
Canada,CAN,NA,2012,9,473.59,121.8
Canada,CAN,NA,2012,10,,122
Canada,CAN,NA,2012,11,,122.2
Canada,CAN,NA,2012,12,473.85,121.9
Canada,CAN,NA,2013,1,,121.2
Canada,CAN,NA,2013,2,,121.3
Canada,CAN,NA,2013,3,443.13,122.7
Canada,CAN,NA,2013,4,,122.9
Canada,CAN,NA,2013,5,,122.7
Canada,CAN,NA,2013,6,460.4,123
Canada,CAN,NA,2013,7,,123
Canada,CAN,NA,2013,8,,123.1
Canada,CAN,NA,2013,9,500.96,123.1
Canada,CAN,NA,2013,10,,123.3
Canada,CAN,NA,2013,11,,123
Canada,CAN,NA,2013,12,497.76,123
Canada,CAN,NA,2014,1,,122.7
Canada,CAN,NA,2014,2,,123.1
Canada,CAN,NA,2014,3,467.35,124.1
Canada,CAN,NA,2014,4,,124.8
Canada,CAN,NA,2014,5,,125.2
Canada,CAN,NA,2014,6,488.99,125.8
Canada,CAN,NA,2014,7,,125.9
Canada,CAN,NA,2014,8,,125.7
Canada,CAN,NA,2014,9,524.49,125.7
Canada,CAN,NA,2014,10,,125.8
Canada,CAN,NA,2014,11,,125.9
Canada,CAN,NA,2014,12,514.08,125.4
Canada,CAN,NA,2015,1,,124.5
Canada,CAN,NA,2015,2,,124.3
Canada,CAN,NA,2015,3,472.38,125.4
Canada,CAN,NA,2015,4,,126.3
Canada,CAN,NA,2015,5,,126.2
Canada,CAN,NA,2015,6,487.05,126.9
Canada,CAN,NA,2015,7,,127.2
Canada,CAN,NA,2015,8,,127.3
Canada,CAN,NA,2015,9,521.59,127.3
Canada,CAN,NA,2015,10,,127.1
Canada,CAN,NA,2015,11,,127.2
Canada,CAN,NA,2015,12,509.42,127.1
Canada,CAN,NA,2016,1,,126.5
Canada,CAN,NA,2016,2,,126.8
Canada,CAN,NA,2016,3,475.25,127.1
Canada,CAN,NA,2016,4,,127.9
Canada,CAN,NA,2016,5,,128.3
Canada,CAN,NA,2016,6,490.41,128.8
Canada,CAN,NA,2016,7,,129.1
Canada,CAN,NA,2016,8,,128.9
Canada,CAN,NA,2016,9,530.19,128.7
Canada,CAN,NA,2016,10,,128.8
Canada,CAN,NA,2016,11,,129.1
Canada,CAN,NA,2016,12,529.68,128.6
Canada,CAN,NA,2017,1,,128.4
Canada,CAN,NA,2017,2,,129.5
Canada,CAN,NA,2017,3,499.83,129.7
Canada,CAN,NA,2017,4,,129.9
Canada,CAN,NA,2017,5,,130.4
Canada,CAN,NA,2017,6,524.43,130.5
Canada,CAN,NA,2017,7,,130.4
Canada,CAN,NA,2017,8,,130.4
Canada,CAN,NA,2017,9,559.07,130.5
Canada,CAN,NA,2017,10,,130.8
Canada,CAN,NA,2017,11,,130.9
Canada,CAN,NA,2017,12,557.31,131.3
Canada,CAN,NA,2018,1,,131.7
Canada,CAN,NA,2018,2,,132.5
Canada,CAN,NA,2018,3,523.4,132.9
Canada,CAN,NA,2018,4,,133.3
Canada,CAN,NA,2018,5,,133.4
Canada,CAN,NA,2018,6,551.26,133.6
Canada,CAN,NA,2018,7,,134.3
Canada,CAN,NA,2018,8,,134.2
Canada,CAN,NA,2018,9,588.53,133.7
Canada,CAN,NA,2018,10,,134.1
Canada,CAN,NA,2018,11,,133.5
Canada,CAN,NA,2018,12,572.49,133.4
Canada,CAN,NA,2019,1,,133.6
Canada,CAN,NA,2019,2,,134.5
Canada,CAN,NA,2019,3,539.63,135.4
Canada,CAN,NA,2019,4,,136
Canada,CAN,NA,2019,5,,136.6
Canada,CAN,NA,2019,6,571.84,136.3
Canada,CAN,NA,2019,7,,137
Canada,CAN,NA,2019,8,,136.8
Canada,CAN,NA,2019,9,601.56,136.2
Canada,CAN,NA,2019,10,,136.6
Canada,CAN,NA,2019,11,,136.4
Canada,CAN,NA,2019,12,598.27,136.4
Canada,CAN,NA,2020,1,,136.8
Canada,CAN,NA,2020,2,,137.4
Canada,CAN,NA,2020,3,543.46,136.6
Canada,CAN,NA,2020,4,,135.7
Canada,CAN,NA,2020,5,,136.1
Canada,CAN,NA,2020,6,489.98,137.2
Canada,CAN,NA,2020,7,,137.2
Canada,CAN,NA,2020,8,,137
Canada,CAN,NA,2020,9,582,136.9
Canada,CAN,NA,2020,10,,137.5
Canada,CAN,NA,2020,11,,137.7
Canada,CAN,NA,2020,12,591.33,137.4
Canada,CAN,NA,2021,1,,138.2
Canada,CAN,NA,2021,2,,138.9
Canada,CAN,NA,2021,3,572.85,139.6
Canada,CAN,NA,2021,4,,140.3
Canada,CAN,NA,2021,5,,141
Canada,CAN,NA,2021,6,603.77,141.4
Canada,CAN,NA,2021,7,,142.3
Canada,CAN,NA,2021,8,,142.6
Canada,CAN,NA,2021,9,650.11,142.9
Canada,CAN,NA,2021,10,,143.9
Canada,CAN,NA,2021,11,,144.2
Canada,CAN,NA,2021,12,666.4,144
Canada,CAN,NA,2022,1,,145.3
Canada,CAN,NA,2022,2,,146.8
Canada,CAN,NA,2022,3,640.83,148.9
Canada,CAN,NA,2022,4,,149.8
Canada,CAN,NA,2022,5,,151.9
Canada,CAN,NA,2022,6,689.27,152.9
Canada,CAN,NA,2022,7,,153.1
Canada,CAN,NA,2022,8,,
Canada,CAN,NA,2022,9,,
Canada,CAN,NA,2022,10,,
Canada,CAN,NA,2022,11,,
Canada,CAN,NA,2022,12,,
France,FRA,EU,1996,1,,74.13
France,FRA,EU,1996,2,,74.42
France,FRA,EU,1996,3,316.77,74.9
France,FRA,EU,1996,4,,74.99
France,FRA,EU,1996,5,,75.19
France,FRA,EU,1996,6,318.18,75.11
France,FRA,EU,1996,7,,74.94
France,FRA,EU,1996,8,,74.78
France,FRA,EU,1996,9,308.94,75.02
France,FRA,EU,1996,10,,75.22
France,FRA,EU,1996,11,,75.16
France,FRA,EU,1996,12,321.26,75.33
France,FRA,EU,1997,1,,75.49
France,FRA,EU,1997,2,,75.67
France,FRA,EU,1997,3,315.06,75.74
France,FRA,EU,1997,4,,75.75
France,FRA,EU,1997,5,,75.86
France,FRA,EU,1997,6,322.62,75.85
France,FRA,EU,1997,7,,75.74
France,FRA,EU,1997,8,,75.96
France,FRA,EU,1997,9,312.14,76.1
France,FRA,EU,1997,10,,76.05
France,FRA,EU,1997,11,,76.18
France,FRA,EU,1997,12,332.72,76.21
France,FRA,EU,1998,1,,75.92
France,FRA,EU,1998,2,,76.23
France,FRA,EU,1998,3,330.85,76.36
France,FRA,EU,1998,4,,76.54
France,FRA,EU,1998,5,,76.57
France,FRA,EU,1998,6,336.2,76.65
France,FRA,EU,1998,7,,76.34
France,FRA,EU,1998,8,,76.46
France,FRA,EU,1998,9,329.12,76.5
France,FRA,EU,1998,10,,76.41
France,FRA,EU,1998,11,,76.36
France,FRA,EU,1998,12,347.15,76.41
France,FRA,EU,1999,1,,76.16
France,FRA,EU,1999,2,,76.43
France,FRA,EU,1999,3,344.52,76.69
France,FRA,EU,1999,4,,76.92
France,FRA,EU,1999,5,,76.91
France,FRA,EU,1999,6,349.81,76.91
France,FRA,EU,1999,7,,76.67
France,FRA,EU,1999,8,,76.82
France,FRA,EU,1999,9,343.38,76.96
France,FRA,EU,1999,10,,77.03
France,FRA,EU,1999,11,,77.07
France,FRA,EU,1999,12,363.29,77.44
France,FRA,EU,2000,1,,77.43
France,FRA,EU,2000,2,,77.53
France,FRA,EU,2000,3,363.42,77.92
France,FRA,EU,2000,4,,77.92
France,FRA,EU,2000,5,,78.08
France,FRA,EU,2000,6,368.7,78.29
France,FRA,EU,2000,7,,78.15
France,FRA,EU,2000,8,,78.32
France,FRA,EU,2000,9,362.23,78.74
France,FRA,EU,2000,10,,78.67
France,FRA,EU,2000,11,,78.85
France,FRA,EU,2000,12,384.24,78.82
France,FRA,EU,2001,1,,78.47
France,FRA,EU,2001,2,,78.69
France,FRA,EU,2001,3,381.24,79.07
France,FRA,EU,2001,4,,79.48
France,FRA,EU,2001,5,,79.99
France,FRA,EU,2001,6,383.97,80.05
France,FRA,EU,2001,7,,79.87
France,FRA,EU,2001,8,,79.87
France,FRA,EU,2001,9,376.15,80.03
France,FRA,EU,2001,10,,80.08
France,FRA,EU,2001,11,,79.87
France,FRA,EU,2001,12,396.84,79.98
France,FRA,EU,2002,1,,80.37
France,FRA,EU,2002,2,,80.45
France,FRA,EU,2002,3,392.32,80.8
France,FRA,EU,2002,4,,81.13
France,FRA,EU,2002,5,,81.24
France,FRA,EU,2002,6,396.41,81.2
France,FRA,EU,2002,7,,81.13
France,FRA,EU,2002,8,,81.31
France,FRA,EU,2002,9,390.15,81.47
France,FRA,EU,2002,10,,81.61
France,FRA,EU,2002,11,,81.56
France,FRA,EU,2002,12,408.94,81.7
France,FRA,EU,2003,1,,81.87
France,FRA,EU,2003,2,,82.51
France,FRA,EU,2003,3,403.2,82.85
France,FRA,EU,2003,4,,82.72
France,FRA,EU,2003,5,,82.67
France,FRA,EU,2003,6,403.98,82.83
France,FRA,EU,2003,7,,82.73
France,FRA,EU,2003,8,,82.94
France,FRA,EU,2003,9,400.37,83.3
France,FRA,EU,2003,10,,83.48
France,FRA,EU,2003,11,,83.56
France,FRA,EU,2003,12,423.12,83.66
France,FRA,EU,2004,1,,83.68
France,FRA,EU,2004,2,,84.06
France,FRA,EU,2004,3,421.12,84.44
France,FRA,EU,2004,4,,84.67
France,FRA,EU,2004,5,,85.01
France,FRA,EU,2004,6,425.49,85.04
France,FRA,EU,2004,7,,84.87
France,FRA,EU,2004,8,,85.08
France,FRA,EU,2004,9,417.34,85.16
France,FRA,EU,2004,10,,85.39
France,FRA,EU,2004,11,,85.43
France,FRA,EU,2004,12,440.06,85.54
France,FRA,EU,2005,1,,85.06
France,FRA,EU,2005,2,,85.63
France,FRA,EU,2005,3,434.68,86.22
France,FRA,EU,2005,4,,86.37
France,FRA,EU,2005,5,,86.43
France,FRA,EU,2005,6,443.66,86.54
France,FRA,EU,2005,7,,86.39
France,FRA,EU,2005,8,,86.75
France,FRA,EU,2005,9,431.28,87.13
France,FRA,EU,2005,10,,87.12
France,FRA,EU,2005,11,,86.93
France,FRA,EU,2005,12,456.27,87.04
France,FRA,EU,2006,1,,86.97
France,FRA,EU,2006,2,,87.31
France,FRA,EU,2006,3,453.38,87.69
France,FRA,EU,2006,4,,88.08
France,FRA,EU,2006,5,,88.46
France,FRA,EU,2006,6,462.67,88.46
France,FRA,EU,2006,7,,88.29
France,FRA,EU,2006,8,,88.58
France,FRA,EU,2006,9,451.44,88.4
France,FRA,EU,2006,10,,88.19
France,FRA,EU,2006,11,,88.3
France,FRA,EU,2006,12,480.66,88.51
France,FRA,EU,2007,1,,88.17
France,FRA,EU,2007,2,,88.36
France,FRA,EU,2007,3,475.51,88.77
France,FRA,EU,2007,4,,89.25
France,FRA,EU,2007,5,,89.48
France,FRA,EU,2007,6,484.63,89.61
France,FRA,EU,2007,7,,89.32
France,FRA,EU,2007,8,,89.7
France,FRA,EU,2007,9,476.52,89.83
France,FRA,EU,2007,10,,90.08
France,FRA,EU,2007,11,,90.62
France,FRA,EU,2007,12,504.69,90.99
France,FRA,EU,2008,1,,90.98
France,FRA,EU,2008,2,,91.18
France,FRA,EU,2008,3,495.9,91.91
France,FRA,EU,2008,4,,92.26
France,FRA,EU,2008,5,,92.79
France,FRA,EU,2008,6,504.25,93.18
France,FRA,EU,2008,7,,92.93
France,FRA,EU,2008,8,,92.87
France,FRA,EU,2008,9,488.19,92.84
France,FRA,EU,2008,10,,92.79
France,FRA,EU,2008,11,,92.32
France,FRA,EU,2008,12,504.03,92.07
France,FRA,EU,2009,1,,91.67
France,FRA,EU,2009,2,,92.06
France,FRA,EU,2009,3,480.23,92.24
France,FRA,EU,2009,4,,92.39
France,FRA,EU,2009,5,,92.52
France,FRA,EU,2009,6,484.16,92.65
France,FRA,EU,2009,7,,92.19
France,FRA,EU,2009,8,,92.7
France,FRA,EU,2009,9,472.45,92.49
France,FRA,EU,2009,10,,92.59
France,FRA,EU,2009,11,,92.74
France,FRA,EU,2009,12,499.58,93.01
France,FRA,EU,2010,1,,92.79
France,FRA,EU,2010,2,,93.36
France,FRA,EU,2010,3,487.87,93.85
France,FRA,EU,2010,4,,94.14
France,FRA,EU,2010,5,,94.27
France,FRA,EU,2010,6,499.67,94.26
France,FRA,EU,2010,7,,93.95
France,FRA,EU,2010,8,,94.19
France,FRA,EU,2010,9,491.3,94.15
France,FRA,EU,2010,10,,94.29
France,FRA,EU,2010,11,,94.41
France,FRA,EU,2010,12,516.45,94.88
France,FRA,EU,2011,1,,94.6
France,FRA,EU,2011,2,,95.07
France,FRA,EU,2011,3,509.22,95.9
France,FRA,EU,2011,4,,96.24
France,FRA,EU,2011,5,,96.31
France,FRA,EU,2011,6,516.11,96.39
France,FRA,EU,2011,7,,95.91
France,FRA,EU,2011,8,,96.46
France,FRA,EU,2011,9,504.11,96.43
France,FRA,EU,2011,10,,96.69
France,FRA,EU,2011,11,,96.99
France,FRA,EU,2011,12,528.93,97.41
France,FRA,EU,2012,1,,97.03
France,FRA,EU,2012,2,,97.49
France,FRA,EU,2012,3,519.07,98.39
France,FRA,EU,2012,4,,98.56
France,FRA,EU,2012,5,,98.51
France,FRA,EU,2012,6,522.59,98.56
France,FRA,EU,2012,7,,98.05
France,FRA,EU,2012,8,,98.76
France,FRA,EU,2012,9,511.49,98.51
France,FRA,EU,2012,10,,98.71
France,FRA,EU,2012,11,,98.54
France,FRA,EU,2012,12,535.66,98.9
France,FRA,EU,2013,1,,98.34
France,FRA,EU,2013,2,,98.65
France,FRA,EU,2013,3,522.13,99.46
France,FRA,EU,2013,4,,99.35
France,FRA,EU,2013,5,,99.39
France,FRA,EU,2013,6,530.73,99.57
France,FRA,EU,2013,7,,99.22
France,FRA,EU,2013,8,,99.72
France,FRA,EU,2013,9,519.75,99.52
France,FRA,EU,2013,10,,99.39
France,FRA,EU,2013,11,,99.35
France,FRA,EU,2013,12,544.58,99.73
France,FRA,EU,2014,1,,99.09
France,FRA,EU,2014,2,,99.7
France,FRA,EU,2014,3,531.82,100.21
France,FRA,EU,2014,4,,100.18
France,FRA,EU,2014,5,,100.21
France,FRA,EU,2014,6,536.3,100.16
France,FRA,EU,2014,7,,99.78
France,FRA,EU,2014,8,,100.26
France,FRA,EU,2014,9,527.94,99.89
France,FRA,EU,2014,10,,99.92
France,FRA,EU,2014,11,,99.75
France,FRA,EU,2014,12,553.71,99.82
France,FRA,EU,2015,1,,98.7
France,FRA,EU,2015,2,,99.42
France,FRA,EU,2015,3,543.53,100.17
France,FRA,EU,2015,4,,100.3
France,FRA,EU,2015,5,,100.56
France,FRA,EU,2015,6,548.89,100.49
France,FRA,EU,2015,7,,100
France,FRA,EU,2015,8,,100.36
France,FRA,EU,2015,9,539.71,99.99
France,FRA,EU,2015,10,,100.07
France,FRA,EU,2015,11,,99.86
France,FRA,EU,2015,12,566.3,100.09
France,FRA,EU,2016,1,,99.02
France,FRA,EU,2016,2,,99.31
France,FRA,EU,2016,3,554.48,100.09
France,FRA,EU,2016,4,,100.18
France,FRA,EU,2016,5,,100.65
France,FRA,EU,2016,6,561.23,100.8
France,FRA,EU,2016,7,,100.39
France,FRA,EU,2016,8,,100.74
France,FRA,EU,2016,9,544.99,100.5
France,FRA,EU,2016,10,,100.54
France,FRA,EU,2016,11,,100.55
France,FRA,EU,2016,12,573.43,100.9
France,FRA,EU,2017,1,,100.57
France,FRA,EU,2017,2,,100.73
France,FRA,EU,2017,3,566.72,101.47
France,FRA,EU,2017,4,,101.57
France,FRA,EU,2017,5,,101.59
France,FRA,EU,2017,6,572.97,101.58
France,FRA,EU,2017,7,,101.17
France,FRA,EU,2017,8,,101.74
France,FRA,EU,2017,9,563.41,101.58
France,FRA,EU,2017,10,,101.7
France,FRA,EU,2017,11,,101.8
France,FRA,EU,2017,12,594.15,102.16
France,FRA,EU,2018,1,,102.06
France,FRA,EU,2018,2,,102.05
France,FRA,EU,2018,3,583,103.22
France,FRA,EU,2018,4,,103.43
France,FRA,EU,2018,5,,103.92
France,FRA,EU,2018,6,587.86,103.93
France,FRA,EU,2018,7,,103.8
France,FRA,EU,2018,8,,104.35
France,FRA,EU,2018,9,579.6,104.12
France,FRA,EU,2018,10,,104.24
France,FRA,EU,2018,11,,104
France,FRA,EU,2018,12,612.84,104.1
France,FRA,EU,2019,1,,103.52
France,FRA,EU,2019,2,,103.64
France,FRA,EU,2019,3,601.06,104.55
France,FRA,EU,2019,4,,104.93
France,FRA,EU,2019,5,,105.06
France,FRA,EU,2019,6,609.33,105.35
France,FRA,EU,2019,7,,105.11
France,FRA,EU,2019,8,,105.67
France,FRA,EU,2019,9,600.93,105.28
France,FRA,EU,2019,10,,105.2
France,FRA,EU,2019,11,,105.27
France,FRA,EU,2019,12,626.31,105.78
France,FRA,EU,2020,1,,105.24
France,FRA,EU,2020,2,,105.27
France,FRA,EU,2020,3,582.3,105.34
France,FRA,EU,2020,4,,105.32
France,FRA,EU,2020,5,,105.49
France,FRA,EU,2020,6,524.81,105.58
France,FRA,EU,2020,7,,106.01
France,FRA,EU,2020,8,,105.89
France,FRA,EU,2020,9,586.22,105.3
France,FRA,EU,2020,10,,105.27
France,FRA,EU,2020,11,,105.5
France,FRA,EU,2020,12,617.14,105.75
France,FRA,EU,2021,1,,106.03
France,FRA,EU,2021,2,,106.07
France,FRA,EU,2021,3,604.5,106.8
France,FRA,EU,2021,4,,107.02
France,FRA,EU,2021,5,,107.38
France,FRA,EU,2021,6,616.72,107.57
France,FRA,EU,2021,7,,107.64
France,FRA,EU,2021,8,,108.38
France,FRA,EU,2021,9,623.36,108.16
France,FRA,EU,2021,10,,108.64
France,FRA,EU,2021,11,,109.09
France,FRA,EU,2021,12,656.29,109.34
France,FRA,EU,2022,1,,109.51
France,FRA,EU,2022,2,,110.49
France,FRA,EU,2022,3,644.45,112.26
France,FRA,EU,2022,4,,112.78
France,FRA,EU,2022,5,,113.63
France,FRA,EU,2022,6,653.97,114.6
France,FRA,EU,2022,7,,114.94
France,FRA,EU,2022,8,,115.41
France,FRA,EU,2022,9,,
France,FRA,EU,2022,10,,
France,FRA,EU,2022,11,,
France,FRA,EU,2022,12,,
Germany,DEU,EU,1996,1,,75.1
Germany,DEU,EU,1996,2,,75.6
Germany,DEU,EU,1996,3,478.19,75.7
Germany,DEU,EU,1996,4,,75.6
Germany,DEU,EU,1996,5,,75.7
Germany,DEU,EU,1996,6,483.35,75.8
Germany,DEU,EU,1996,7,,76
Germany,DEU,EU,1996,8,,75.9
Germany,DEU,EU,1996,9,497.94,75.9
Germany,DEU,EU,1996,10,,75.8
Germany,DEU,EU,1996,11,,75.7
Germany,DEU,EU,1996,12,508.15,76
Germany,DEU,EU,1997,1,,76.5
Germany,DEU,EU,1997,2,,76.8
Germany,DEU,EU,1997,3,466.2,76.7
Germany,DEU,EU,1997,4,,76.5
Germany,DEU,EU,1997,5,,76.8
Germany,DEU,EU,1997,6,484.63,76.9
Germany,DEU,EU,1997,7,,77.2
Germany,DEU,EU,1997,8,,77.2
Germany,DEU,EU,1997,9,493.12,77
Germany,DEU,EU,1997,10,,76.9
Germany,DEU,EU,1997,11,,76.9
Germany,DEU,EU,1997,12,508.64,77.1
Germany,DEU,EU,1998,1,,77
Germany,DEU,EU,1998,2,,77.2
Germany,DEU,EU,1998,3,481.58,77.1
Germany,DEU,EU,1998,4,,77.2
Germany,DEU,EU,1998,5,,77.5
Germany,DEU,EU,1998,6,489.08,77.5
Germany,DEU,EU,1998,7,,77.8
Germany,DEU,EU,1998,8,,77.7
Germany,DEU,EU,1998,9,506.33,77.4
Germany,DEU,EU,1998,10,,77.2
Germany,DEU,EU,1998,11,,77.2
Germany,DEU,EU,1998,12,523.92,77.2
Germany,DEU,EU,1999,1,,77.2
Germany,DEU,EU,1999,2,,77.3
Germany,DEU,EU,1999,3,495.44,77.5
Germany,DEU,EU,1999,4,,77.8
Germany,DEU,EU,1999,5,,77.8
Germany,DEU,EU,1999,6,504.25,77.8
Germany,DEU,EU,1999,7,,78.2
Germany,DEU,EU,1999,8,,78.2
Germany,DEU,EU,1999,9,520.87,78
Germany,DEU,EU,1999,10,,77.9
Germany,DEU,EU,1999,11,,78
Germany,DEU,EU,1999,12,538.92,78.3
Germany,DEU,EU,2000,1,,78.5
Germany,DEU,EU,2000,2,,78.6
Germany,DEU,EU,2000,3,514.61,78.6
Germany,DEU,EU,2000,4,,78.6
Germany,DEU,EU,2000,5,,78.4
Germany,DEU,EU,2000,6,519.39,78.9
Germany,DEU,EU,2000,7,,79.2
Germany,DEU,EU,2000,8,,79
Germany,DEU,EU,2000,9,532.1,79.2
Germany,DEU,EU,2000,10,,79.1
Germany,DEU,EU,2000,11,,79.1
Germany,DEU,EU,2000,12,542.99,80
Germany,DEU,EU,2001,1,,79.5
Germany,DEU,EU,2001,2,,80
Germany,DEU,EU,2001,3,530.25,80
Germany,DEU,EU,2001,4,,80.3
Germany,DEU,EU,2001,5,,80.7
Germany,DEU,EU,2001,6,532.36,80.8
Germany,DEU,EU,2001,7,,80.9
Germany,DEU,EU,2001,8,,80.7
Germany,DEU,EU,2001,9,547.22,80.6
Germany,DEU,EU,2001,10,,80.4
Germany,DEU,EU,2001,11,,80.2
Germany,DEU,EU,2001,12,562.71,81.1
Germany,DEU,EU,2002,1,,81.1
Germany,DEU,EU,2002,2,,81.4
Germany,DEU,EU,2002,3,531.01,81.5
Germany,DEU,EU,2002,4,,81.5
Germany,DEU,EU,2002,5,,81.6
Germany,DEU,EU,2002,6,539.78,81.5
Germany,DEU,EU,2002,7,,81.8
Germany,DEU,EU,2002,8,,81.6
Germany,DEU,EU,2002,9,560.27,81.5
Germany,DEU,EU,2002,10,,81.4
Germany,DEU,EU,2002,11,,81.1
Germany,DEU,EU,2002,12,567.06,82
Germany,DEU,EU,2003,1,,82
Germany,DEU,EU,2003,2,,82.4
Germany,DEU,EU,2003,3,535.48,82.5
Germany,DEU,EU,2003,4,,82.3
Germany,DEU,EU,2003,5,,82.1
Germany,DEU,EU,2003,6,541.56,82.3
Germany,DEU,EU,2003,7,,82.5
Germany,DEU,EU,2003,8,,82.5
Germany,DEU,EU,2003,9,562.93,82.4
Germany,DEU,EU,2003,10,,82.4
Germany,DEU,EU,2003,11,,82.2
Germany,DEU,EU,2003,12,571.6,82.9
Germany,DEU,EU,2004,1,,82.9
Germany,DEU,EU,2004,2,,83.1
Germany,DEU,EU,2004,3,550.18,83.4
Germany,DEU,EU,2004,4,,83.7
Germany,DEU,EU,2004,5,,83.9
Germany,DEU,EU,2004,6,560.16,83.9
Germany,DEU,EU,2004,7,,84.1
Germany,DEU,EU,2004,8,,84.3
Germany,DEU,EU,2004,9,570.66,84
Germany,DEU,EU,2004,10,,84.2
Germany,DEU,EU,2004,11,,83.8
Germany,DEU,EU,2004,12,581.52,84.8
Germany,DEU,EU,2005,1,,84.3
Germany,DEU,EU,2005,2,,84.6
Germany,DEU,EU,2005,3,550.54,84.9
Germany,DEU,EU,2005,4,,84.9
Germany,DEU,EU,2005,5,,85.2
Germany,DEU,EU,2005,6,568.04,85.3
Germany,DEU,EU,2005,7,,85.7
Germany,DEU,EU,2005,8,,85.9
Germany,DEU,EU,2005,9,578.39,86.2
Germany,DEU,EU,2005,10,,86.2
Germany,DEU,EU,2005,11,,85.7
Germany,DEU,EU,2005,12,591.34,86.6
Germany,DEU,EU,2006,1,,86.1
Germany,DEU,EU,2006,2,,86.4
Germany,DEU,EU,2006,3,574.77,86.5
Germany,DEU,EU,2006,4,,86.8
Germany,DEU,EU,2006,5,,87
Germany,DEU,EU,2006,6,586.07,87.1
Germany,DEU,EU,2006,7,,87.5
Germany,DEU,EU,2006,8,,87.4
Germany,DEU,EU,2006,9,600.94,87
Germany,DEU,EU,2006,10,,87.1
Germany,DEU,EU,2006,11,,87
Germany,DEU,EU,2006,12,623.3,87.8
Germany,DEU,EU,2007,1,,87.6
Germany,DEU,EU,2007,2,,88
Germany,DEU,EU,2007,3,607.99,88.2
Germany,DEU,EU,2007,4,,88.6
Germany,DEU,EU,2007,5,,88.7
Germany,DEU,EU,2007,6,614.05,88.8
Germany,DEU,EU,2007,7,,89.3
Germany,DEU,EU,2007,8,,89.1
Germany,DEU,EU,2007,9,630.14,89.3
Germany,DEU,EU,2007,10,,89.4
Germany,DEU,EU,2007,11,,89.9
Germany,DEU,EU,2007,12,647.37,90.5
Germany,DEU,EU,2008,1,,90.2
Germany,DEU,EU,2008,2,,90.6
Germany,DEU,EU,2008,3,626.24,91.1
Germany,DEU,EU,2008,4,,90.9
Germany,DEU,EU,2008,5,,91.5
Germany,DEU,EU,2008,6,637.83,91.8
Germany,DEU,EU,2008,7,,92.3
Germany,DEU,EU,2008,8,,92
Germany,DEU,EU,2008,9,641.49,92
Germany,DEU,EU,2008,10,,91.7
Germany,DEU,EU,2008,11,,91.2
Germany,DEU,EU,2008,12,640.93,91.5
Germany,DEU,EU,2009,1,,91.1
Germany,DEU,EU,2009,2,,91.6
Germany,DEU,EU,2009,3,594.03,91.4
Germany,DEU,EU,2009,4,,91.5
Germany,DEU,EU,2009,5,,91.4
Germany,DEU,EU,2009,6,597.35,91.8
Germany,DEU,EU,2009,7,,91.7
Germany,DEU,EU,2009,8,,92
Germany,DEU,EU,2009,9,618.74,91.6
Germany,DEU,EU,2009,10,,91.6
Germany,DEU,EU,2009,11,,91.5
Germany,DEU,EU,2009,12,635.61,92.3
Germany,DEU,EU,2010,1,,91.7
Germany,DEU,EU,2010,2,,92
Germany,DEU,EU,2010,3,616.59,92.5
Germany,DEU,EU,2010,4,,92.4
Germany,DEU,EU,2010,5,,92.5
Germany,DEU,EU,2010,6,627.5,92.6
Germany,DEU,EU,2010,7,,92.8
Germany,DEU,EU,2010,8,,92.9
Germany,DEU,EU,2010,9,651.38,92.7
Germany,DEU,EU,2010,10,,92.8
Germany,DEU,EU,2010,11,,92.9
Germany,DEU,EU,2010,12,668.93,94
Germany,DEU,EU,2011,1,,93.5
Germany,DEU,EU,2011,2,,94.1
Germany,DEU,EU,2011,3,659.01,94.7
Germany,DEU,EU,2011,4,,94.9
Germany,DEU,EU,2011,5,,94.8
Germany,DEU,EU,2011,6,660.42,94.8
Germany,DEU,EU,2011,7,,95.2
Germany,DEU,EU,2011,8,,95.2
Germany,DEU,EU,2011,9,682.29,95.3
Germany,DEU,EU,2011,10,,95.4
Germany,DEU,EU,2011,11,,95.4
Germany,DEU,EU,2011,12,691.84,96.1
Germany,DEU,EU,2012,1,,95.7
Germany,DEU,EU,2012,2,,96.5
Germany,DEU,EU,2012,3,678.51,96.9
Germany,DEU,EU,2012,4,,97
Germany,DEU,EU,2012,5,,96.8
Germany,DEU,EU,2012,6,672.11,96.6
Germany,DEU,EU,2012,7,,97
Germany,DEU,EU,2012,8,,97.4
Germany,DEU,EU,2012,9,692.94,97.4
Germany,DEU,EU,2012,10,,97.4
Germany,DEU,EU,2012,11,,97.2
Germany,DEU,EU,2012,12,701.75,98.1
Germany,DEU,EU,2013,1,,97.5
Germany,DEU,EU,2013,2,,98.2
Germany,DEU,EU,2013,3,682.36,98.7
Germany,DEU,EU,2013,4,,98.1
Germany,DEU,EU,2013,5,,98.3
Germany,DEU,EU,2013,6,692.93,98.5
Germany,DEU,EU,2013,7,,98.9
Germany,DEU,EU,2013,8,,98.9
Germany,DEU,EU,2013,9,714.67,98.9
Germany,DEU,EU,2013,10,,98.6
Germany,DEU,EU,2013,11,,98.8
Germany,DEU,EU,2013,12,721.39,99.3
Germany,DEU,EU,2014,1,,98.6
Germany,DEU,EU,2014,2,,99.2
Germany,DEU,EU,2014,3,716.7,99.4
Germany,DEU,EU,2014,4,,99.2
Germany,DEU,EU,2014,5,,99
Germany,DEU,EU,2014,6,717.36,99.4
Germany,DEU,EU,2014,7,,99.6
Germany,DEU,EU,2014,8,,99.7
Germany,DEU,EU,2014,9,740.72,99.7
Germany,DEU,EU,2014,10,,99.3
Germany,DEU,EU,2014,11,,99.3
Germany,DEU,EU,2014,12,752.65,99.4
Germany,DEU,EU,2015,1,,98.1
Germany,DEU,EU,2015,2,,99
Germany,DEU,EU,2015,3,737.21,99.7
Germany,DEU,EU,2015,4,,100.2
Germany,DEU,EU,2015,5,,100.6
Germany,DEU,EU,2015,6,741.98,100.5
Germany,DEU,EU,2015,7,,100.9
Germany,DEU,EU,2015,8,,100.8
Germany,DEU,EU,2015,9,765.67,100.5
Germany,DEU,EU,2015,10,,100.5
Germany,DEU,EU,2015,11,,99.5
Germany,DEU,EU,2015,12,781.32,99.6
Germany,DEU,EU,2016,1,,98.5
Germany,DEU,EU,2016,2,,98.9
Germany,DEU,EU,2016,3,762.95,99.8
Germany,DEU,EU,2016,4,,99.9
Germany,DEU,EU,2016,5,,100.5
Germany,DEU,EU,2016,6,779.08,100.6
Germany,DEU,EU,2016,7,,101.2
Germany,DEU,EU,2016,8,,101.1
Germany,DEU,EU,2016,9,788.98,101.1
Germany,DEU,EU,2016,10,,101.2
Germany,DEU,EU,2016,11,,100.3
Germany,DEU,EU,2016,12,803.73,101.2
Germany,DEU,EU,2017,1,,100.2
Germany,DEU,EU,2017,2,,101
Germany,DEU,EU,2017,3,798.84,101.3
Germany,DEU,EU,2017,4,,101.9
Germany,DEU,EU,2017,5,,101.8
Germany,DEU,EU,2017,6,801.19,102.3
Germany,DEU,EU,2017,7,,102.9
Germany,DEU,EU,2017,8,,103
Germany,DEU,EU,2017,9,823.94,103
Germany,DEU,EU,2017,10,,102.7
Germany,DEU,EU,2017,11,,102
Germany,DEU,EU,2017,12,843.19,102.7
Germany,DEU,EU,2018,1,,101.7
Germany,DEU,EU,2018,2,,102.2
Germany,DEU,EU,2018,3,823.52,103
Germany,DEU,EU,2018,4,,103.2
Germany,DEU,EU,2018,5,,104.3
Germany,DEU,EU,2018,6,833.55,104.4
Germany,DEU,EU,2018,7,,105.2
Germany,DEU,EU,2018,8,,105.2
Germany,DEU,EU,2018,9,842.26,105.3
Germany,DEU,EU,2018,10,,105.4
Germany,DEU,EU,2018,11,,104.2
Germany,DEU,EU,2018,12,866.12,104.4
Germany,DEU,EU,2019,1,,103.4
Germany,DEU,EU,2019,2,,103.9
Germany,DEU,EU,2019,3,851.58,104.4
Germany,DEU,EU,2019,4,,105.4
Germany,DEU,EU,2019,5,,105.7
Germany,DEU,EU,2019,6,852.84,106
Germany,DEU,EU,2019,7,,106.4
Germany,DEU,EU,2019,8,,106.3
Germany,DEU,EU,2019,9,877.65,106.2
Germany,DEU,EU,2019,10,,106.3
Germany,DEU,EU,2019,11,,105.4
Germany,DEU,EU,2019,12,891.19,106
Germany,DEU,EU,2020,1,,105.1
Germany,DEU,EU,2020,2,,105.7
Germany,DEU,EU,2020,3,866.91,105.8
Germany,DEU,EU,2020,4,,106.2
Germany,DEU,EU,2020,5,,106.2
Germany,DEU,EU,2020,6,787.35,106.9
Germany,DEU,EU,2020,7,,106.4
Germany,DEU,EU,2020,8,,106.2
Germany,DEU,EU,2020,9,861.59,105.8
Germany,DEU,EU,2020,10,,105.8
Germany,DEU,EU,2020,11,,104.7
Germany,DEU,EU,2020,12,889.58,105.3
Germany,DEU,EU,2021,1,,106.8
Germany,DEU,EU,2021,2,,107.4
Germany,DEU,EU,2021,3,862.03,107.9
Germany,DEU,EU,2021,4,,108.4
Germany,DEU,EU,2021,5,,108.7
Germany,DEU,EU,2021,6,878.06,109.1
Germany,DEU,EU,2021,7,,109.7
Germany,DEU,EU,2021,8,,109.8
Germany,DEU,EU,2021,9,915.99,110.1
Germany,DEU,EU,2021,10,,110.7
Germany,DEU,EU,2021,11,,111
Germany,DEU,EU,2021,12,945.67,111.3
Germany,DEU,EU,2022,1,,112.3
Germany,DEU,EU,2022,2,,113.3
Germany,DEU,EU,2022,3,936.19,116.1
Germany,DEU,EU,2022,4,,116.9
Germany,DEU,EU,2022,5,,118.2
Germany,DEU,EU,2022,6,946.23,118.1
Germany,DEU,EU,2022,7,,119
Germany,DEU,EU,2022,8,,
Germany,DEU,EU,2022,9,,
Germany,DEU,EU,2022,10,,
Germany,DEU,EU,2022,11,,
Germany,DEU,EU,2022,12,,
Italy,ITA,EU,1996,1,,67.5
Italy,ITA,EU,1996,2,,67.8
Italy,ITA,EU,1996,3,237.44,68
Italy,ITA,EU,1996,4,,68.3
Italy,ITA,EU,1996,5,,68.5
Italy,ITA,EU,1996,6,259.33,68.7
Italy,ITA,EU,1996,7,,68.6
Italy,ITA,EU,1996,8,,68.7
Italy,ITA,EU,1996,9,254.3,68.7
Italy,ITA,EU,1996,10,,68.8
Italy,ITA,EU,1996,11,,69.1
Italy,ITA,EU,1996,12,283.87,69.2
Italy,ITA,EU,1997,1,,69.3
Italy,ITA,EU,1997,2,,69.4
Italy,ITA,EU,1997,3,254.74,69.5
Italy,ITA,EU,1997,4,,69.6
Italy,ITA,EU,1997,5,,69.8
Italy,ITA,EU,1997,6,273.15,69.8
Italy,ITA,EU,1997,7,,69.8
Italy,ITA,EU,1997,8,,69.8
Italy,ITA,EU,1997,9,268.29,69.8
Italy,ITA,EU,1997,10,,70.1
Italy,ITA,EU,1997,11,,70.3
Italy,ITA,EU,1997,12,300.04,70.4
Italy,ITA,EU,1998,1,,70.6
Italy,ITA,EU,1998,2,,70.8
Italy,ITA,EU,1998,3,265.77,70.9
Italy,ITA,EU,1998,4,,71.1
Italy,ITA,EU,1998,5,,71.1
Italy,ITA,EU,1998,6,284.35,71.2
Italy,ITA,EU,1998,7,,71.2
Italy,ITA,EU,1998,8,,71.3
Italy,ITA,EU,1998,9,275.89,71.3
Italy,ITA,EU,1998,10,,71.4
Italy,ITA,EU,1998,11,,71.5
Italy,ITA,EU,1998,12,308.59,71.5
Italy,ITA,EU,1999,1,,71.6
Italy,ITA,EU,1999,2,,71.8
Italy,ITA,EU,1999,3,274.21,71.9
Italy,ITA,EU,1999,4,,72
Italy,ITA,EU,1999,5,,72.2
Italy,ITA,EU,1999,6,292.62,72.2
Italy,ITA,EU,1999,7,,72.4
Italy,ITA,EU,1999,8,,72.4
Italy,ITA,EU,1999,9,285.31,72.6
Italy,ITA,EU,1999,10,,72.8
Italy,ITA,EU,1999,11,,72.9
Italy,ITA,EU,1999,12,323.02,73.1
Italy,ITA,EU,2000,1,,73.2
Italy,ITA,EU,2000,2,,73.5
Italy,ITA,EU,2000,3,290.85,73.7
Italy,ITA,EU,2000,4,,73.7
Italy,ITA,EU,2000,5,,74
Italy,ITA,EU,2000,6,309.76,74.2
Italy,ITA,EU,2000,7,,74.4
Italy,ITA,EU,2000,8,,74.4
Italy,ITA,EU,2000,9,301.05,74.6
Italy,ITA,EU,2000,10,,74.8
Italy,ITA,EU,2000,11,,75
Italy,ITA,EU,2000,12,339.86,75.1
Italy,ITA,EU,2001,1,,75
Italy,ITA,EU,2001,2,,74.6
Italy,ITA,EU,2001,3,307.93,75.3
Italy,ITA,EU,2001,4,,75.9
Italy,ITA,EU,2001,5,,76.1
Italy,ITA,EU,2001,6,325.93,76.3
Italy,ITA,EU,2001,7,,76.1
Italy,ITA,EU,2001,8,,75.9
Italy,ITA,EU,2001,9,316.15,76.1
Italy,ITA,EU,2001,10,,76.5
Italy,ITA,EU,2001,11,,76.7
Italy,ITA,EU,2001,12,354.13,76.8
Italy,ITA,EU,2002,1,,76.7
Italy,ITA,EU,2002,2,,76.5
Italy,ITA,EU,2002,3,316.16,77.2
Italy,ITA,EU,2002,4,,77.8
Italy,ITA,EU,2002,5,,78
Italy,ITA,EU,2002,6,337.57,78.1
Italy,ITA,EU,2002,7,,78
Italy,ITA,EU,2002,8,,77.8
Italy,ITA,EU,2002,9,330.72,78.3
Italy,ITA,EU,2002,10,,78.7
Italy,ITA,EU,2002,11,,78.9
Italy,ITA,EU,2002,12,365.81,79.1
Italy,ITA,EU,2003,1,,78.9
Italy,ITA,EU,2003,2,,78.5
Italy,ITA,EU,2003,3,326.39,79.5
Italy,ITA,EU,2003,4,,80.1
Italy,ITA,EU,2003,5,,80.2
Italy,ITA,EU,2003,6,347.76,80.3
Italy,ITA,EU,2003,7,,80.2
Italy,ITA,EU,2003,8,,80
Italy,ITA,EU,2003,9,342.74,80.6
Italy,ITA,EU,2003,10,,80.9
Italy,ITA,EU,2003,11,,81.1
Italy,ITA,EU,2003,12,377.79,81.1
Italy,ITA,EU,2004,1,,80.6
Italy,ITA,EU,2004,2,,80.4
Italy,ITA,EU,2004,3,338.94,81.3
Italy,ITA,EU,2004,4,,82
Italy,ITA,EU,2004,5,,82.1
Italy,ITA,EU,2004,6,365.33,82.2
Italy,ITA,EU,2004,7,,82
Italy,ITA,EU,2004,8,,81.9
Italy,ITA,EU,2004,9,354.61,82.3
Italy,ITA,EU,2004,10,,82.6
Italy,ITA,EU,2004,11,,82.7
Italy,ITA,EU,2004,12,393.44,83
Italy,ITA,EU,2005,1,,82.2
Italy,ITA,EU,2005,2,,82.1
Italy,ITA,EU,2005,3,349,83.1
Italy,ITA,EU,2005,4,,83.7
Italy,ITA,EU,2005,5,,84
Italy,ITA,EU,2005,6,374.09,84
Italy,ITA,EU,2005,7,,83.8
Italy,ITA,EU,2005,8,,83.7
Italy,ITA,EU,2005,9,364.28,84.1
Italy,ITA,EU,2005,10,,84.7
Italy,ITA,EU,2005,11,,84.7
Italy,ITA,EU,2005,12,406.26,84.7
Italy,ITA,EU,2006,1,,84
Italy,ITA,EU,2006,2,,83.9
Italy,ITA,EU,2006,3,364.83,84.9
Italy,ITA,EU,2006,4,,85.7
Italy,ITA,EU,2006,5,,85.9
Italy,ITA,EU,2006,6,388.84,86
Italy,ITA,EU,2006,7,,85.8
Italy,ITA,EU,2006,8,,85.6
Italy,ITA,EU,2006,9,379.2,86.2
Italy,ITA,EU,2006,10,,86.3
Italy,ITA,EU,2006,11,,86.4
Italy,ITA,EU,2006,12,419.82,86.5
Italy,ITA,EU,2007,1,,85.6
Italy,ITA,EU,2007,2,,85.7
Italy,ITA,EU,2007,3,382.04,86.6
Italy,ITA,EU,2007,4,,87.2
Italy,ITA,EU,2007,5,,87.5
Italy,ITA,EU,2007,6,403.12,87.7
Italy,ITA,EU,2007,7,,87.2
Italy,ITA,EU,2007,8,,87
Italy,ITA,EU,2007,9,394.74,87.7
Italy,ITA,EU,2007,10,,88.3
Italy,ITA,EU,2007,11,,88.6
Italy,ITA,EU,2007,12,434.94,88.9
Italy,ITA,EU,2008,1,,88.3
Italy,ITA,EU,2008,2,,88.3
Italy,ITA,EU,2008,3,393.85,89.7
Italy,ITA,EU,2008,4,,90.2
Italy,ITA,EU,2008,5,,90.8
Italy,ITA,EU,2008,6,415.96,91.2
Italy,ITA,EU,2008,7,,90.7
Italy,ITA,EU,2008,8,,90.7
Italy,ITA,EU,2008,9,401.96,91.1
Italy,ITA,EU,2008,10,,91.5
Italy,ITA,EU,2008,11,,91.1
Italy,ITA,EU,2008,12,425.92,91
Italy,ITA,EU,2009,1,,89.5
Italy,ITA,EU,2009,2,,89.7
Italy,ITA,EU,2009,3,374.44,90.7
Italy,ITA,EU,2009,4,,91.3
Italy,ITA,EU,2009,5,,91.5
Italy,ITA,EU,2009,6,392.68,91.7
Italy,ITA,EU,2009,7,,90.6
Italy,ITA,EU,2009,8,,90.8
Italy,ITA,EU,2009,9,388.72,91.4
Italy,ITA,EU,2009,10,,91.8
Italy,ITA,EU,2009,11,,91.9
Italy,ITA,EU,2009,12,421.41,92
Italy,ITA,EU,2010,1,,90.7
Italy,ITA,EU,2010,2,,90.6
Italy,ITA,EU,2010,3,377.7,92
Italy,ITA,EU,2010,4,,92.9
Italy,ITA,EU,2010,5,,92.9
Italy,ITA,EU,2010,6,403.57,93
Italy,ITA,EU,2010,7,,92.2
Italy,ITA,EU,2010,8,,92.3
Italy,ITA,EU,2010,9,397.9,92.9
Italy,ITA,EU,2010,10,,93.6
Italy,ITA,EU,2010,11,,93.6
Italy,ITA,EU,2010,12,432.1,93.9
Italy,ITA,EU,2011,1,,92.5
Italy,ITA,EU,2011,2,,92.6
Italy,ITA,EU,2011,3,391.7,94.6
Italy,ITA,EU,2011,4,,95.6
Italy,ITA,EU,2011,5,,95.7
Italy,ITA,EU,2011,6,414.77,95.8
Italy,ITA,EU,2011,7,,94.1
Italy,ITA,EU,2011,8,,94.4
Italy,ITA,EU,2011,9,408.17,96.3
Italy,ITA,EU,2011,10,,97.1
Italy,ITA,EU,2011,11,,97.1
Italy,ITA,EU,2011,12,434.12,97.4
Italy,ITA,EU,2012,1,,95.6
Italy,ITA,EU,2012,2,,95.8
Italy,ITA,EU,2012,3,388.62,98.2
Italy,ITA,EU,2012,4,,99.1
Italy,ITA,EU,2012,5,,99.1
Italy,ITA,EU,2012,6,406.63,99.3
Italy,ITA,EU,2012,7,,97.5
Italy,ITA,EU,2012,8,,97.6
Italy,ITA,EU,2012,9,401.39,99.6
Italy,ITA,EU,2012,10,,99.8
Italy,ITA,EU,2012,11,,99.6
Italy,ITA,EU,2012,12,427.72,99.9
Italy,ITA,EU,2013,1,,97.9
Italy,ITA,EU,2013,2,,97.7
Italy,ITA,EU,2013,3,380.04,100
Italy,ITA,EU,2013,4,,100.3
Italy,ITA,EU,2013,5,,100.3
Italy,ITA,EU,2013,6,402.84,100.5
Italy,ITA,EU,2013,7,,98.7
Italy,ITA,EU,2013,8,,98.7
Italy,ITA,EU,2013,9,402.04,100.5
Italy,ITA,EU,2013,10,,100.5
Italy,ITA,EU,2013,11,,100.2
Italy,ITA,EU,2013,12,427.83,100.5
Italy,ITA,EU,2014,1,,98.5
Italy,ITA,EU,2014,2,,98.1
Italy,ITA,EU,2014,3,386.52,100.3
Italy,ITA,EU,2014,4,,100.8
Italy,ITA,EU,2014,5,,100.7
Italy,ITA,EU,2014,6,405.71,100.8
Italy,ITA,EU,2014,7,,98.7
Italy,ITA,EU,2014,8,,98.6
Italy,ITA,EU,2014,9,404.53,100.4
Italy,ITA,EU,2014,10,,100.7
Italy,ITA,EU,2014,11,,100.5
Italy,ITA,EU,2014,12,430.64,100.5
Italy,ITA,EU,2015,1,,98
Italy,ITA,EU,2015,2,,98.2
Italy,ITA,EU,2015,3,389.67,100.3
Italy,ITA,EU,2015,4,,100.7
Italy,ITA,EU,2015,5,,100.9
Italy,ITA,EU,2015,6,412.55,101
Italy,ITA,EU,2015,7,,99.1
Italy,ITA,EU,2015,8,,98.9
Italy,ITA,EU,2015,9,413.15,100.6
Italy,ITA,EU,2015,10,,101
Italy,ITA,EU,2015,11,,100.6
Italy,ITA,EU,2015,12,439.98,100.6
Italy,ITA,EU,2016,1,,98.4
Italy,ITA,EU,2016,2,,98
Italy,ITA,EU,2016,3,401.55,100.1
Italy,ITA,EU,2016,4,,100.3
Italy,ITA,EU,2016,5,,100.6
Italy,ITA,EU,2016,6,424.05,100.8
Italy,ITA,EU,2016,7,,98.9
Italy,ITA,EU,2016,8,,98.8
Italy,ITA,EU,2016,9,421.54,100.7
Italy,ITA,EU,2016,10,,100.9
Italy,ITA,EU,2016,11,,100.7
Italy,ITA,EU,2016,12,448.65,101.1
Italy,ITA,EU,2017,1,,99.4
Italy,ITA,EU,2017,2,,99.6
Italy,ITA,EU,2017,3,411.19,101.5
Italy,ITA,EU,2017,4,,102.3
Italy,ITA,EU,2017,5,,102.2
Italy,ITA,EU,2017,6,432.58,102
Italy,ITA,EU,2017,7,,100.1
Italy,ITA,EU,2017,8,,100.2
Italy,ITA,EU,2017,9,430.45,102
Italy,ITA,EU,2017,10,,102
Italy,ITA,EU,2017,11,,101.8
Italy,ITA,EU,2017,12,462.38,102.1
Italy,ITA,EU,2018,1,,100.6
Italy,ITA,EU,2018,2,,100.1
Italy,ITA,EU,2018,3,421.43,102.4
Italy,ITA,EU,2018,4,,102.9
Italy,ITA,EU,2018,5,,103.2
Italy,ITA,EU,2018,6,442.1,103.4
Italy,ITA,EU,2018,7,,102
Italy,ITA,EU,2018,8,,101.8
Italy,ITA,EU,2018,9,437.58,103.5
Italy,ITA,EU,2018,10,,103.7
Italy,ITA,EU,2018,11,,103.4
Italy,ITA,EU,2018,12,470.28,103.3
Italy,ITA,EU,2019,1,,101.5
Italy,ITA,EU,2019,2,,101.2
Italy,ITA,EU,2019,3,426.84,103.5
Italy,ITA,EU,2019,4,,104
Italy,ITA,EU,2019,5,,104.1
Italy,ITA,EU,2019,6,446.17,104.2
Italy,ITA,EU,2019,7,,102.3
Italy,ITA,EU,2019,8,,102.3
Italy,ITA,EU,2019,9,446.34,103.7
Italy,ITA,EU,2019,10,,103.9
Italy,ITA,EU,2019,11,,103.6
Italy,ITA,EU,2019,12,477.28,103.8
Italy,ITA,EU,2020,1,,101.9
Italy,ITA,EU,2020,2,,101.4
Italy,ITA,EU,2020,3,403.82,103.6
Italy,ITA,EU,2020,4,,104.1
Italy,ITA,EU,2020,5,,103.8
Italy,ITA,EU,2020,6,370.52,103.8
Italy,ITA,EU,2020,7,,103.1
Italy,ITA,EU,2020,8,,101.8
Italy,ITA,EU,2020,9,427.55,102.7
Italy,ITA,EU,2020,10,,103.3
Italy,ITA,EU,2020,11,,103.3
Italy,ITA,EU,2020,12,455.08,103.5
Italy,ITA,EU,2021,1,,102.6
Italy,ITA,EU,2021,2,,102.4
Italy,ITA,EU,2021,3,410.29,104.2
Italy,ITA,EU,2021,4,,105.1
Italy,ITA,EU,2021,5,,105
Italy,ITA,EU,2021,6,437.87,105.2
Italy,ITA,EU,2021,7,,104.1
Italy,ITA,EU,2021,8,,104.3
Italy,ITA,EU,2021,9,447.25,105.7
Italy,ITA,EU,2021,10,,106.6
Italy,ITA,EU,2021,11,,107.3
Italy,ITA,EU,2021,12,480.03,107.8
Italy,ITA,EU,2022,1,,107.8
Italy,ITA,EU,2022,2,,108.7
Italy,ITA,EU,2022,3,438.91,111.3
Italy,ITA,EU,2022,4,,111.7
Italy,ITA,EU,2022,5,,112.7
Italy,ITA,EU,2022,6,469.44,114.1
Italy,ITA,EU,2022,7,,112.8
Italy,ITA,EU,2022,8,,113.7
Italy,ITA,EU,2022,9,,
Italy,ITA,EU,2022,10,,
Italy,ITA,EU,2022,11,,
Italy,ITA,EU,2022,12,,
Norway,NOR,EU,1996,1,,69.2
Norway,NOR,EU,1996,2,,69.3
Norway,NOR,EU,1996,3,31,69.5
Norway,NOR,EU,1996,4,,69.7
Norway,NOR,EU,1996,5,,69.9
Norway,NOR,EU,1996,6,30.65,70
Norway,NOR,EU,1996,7,,70.2
Norway,NOR,EU,1996,8,,70.1
Norway,NOR,EU,1996,9,32.19,70.4
Norway,NOR,EU,1996,10,,70.7
Norway,NOR,EU,1996,11,,70.7
Norway,NOR,EU,1996,12,34.87,70.7
Norway,NOR,EU,1997,1,,71.4
Norway,NOR,EU,1997,2,,71.6
Norway,NOR,EU,1997,3,34.64,71.8
Norway,NOR,EU,1997,4,,71.6
Norway,NOR,EU,1997,5,,71.8
Norway,NOR,EU,1997,6,35.09,72
Norway,NOR,EU,1997,7,,71.6
Norway,NOR,EU,1997,8,,71.6
Norway,NOR,EU,1997,9,34.77,71.8
Norway,NOR,EU,1997,10,,72.1
Norway,NOR,EU,1997,11,,72.1
Norway,NOR,EU,1997,12,37.88,72.2
Norway,NOR,EU,1998,1,,72.5
Norway,NOR,EU,1998,2,,72.7
Norway,NOR,EU,1998,3,34.87,73.1
Norway,NOR,EU,1998,4,,73.2
Norway,NOR,EU,1998,5,,73.1
Norway,NOR,EU,1998,6,34.38,73.2
Norway,NOR,EU,1998,7,,73.3
Norway,NOR,EU,1998,8,,73
Norway,NOR,EU,1998,9,33.76,73.5
Norway,NOR,EU,1998,10,,73.5
Norway,NOR,EU,1998,11,,73.7
Norway,NOR,EU,1998,12,34.5,73.7
Norway,NOR,EU,1999,1,,74
Norway,NOR,EU,1999,2,,74.2
Norway,NOR,EU,1999,3,33.98,74.6
Norway,NOR,EU,1999,4,,74.8
Norway,NOR,EU,1999,5,,74.7
Norway,NOR,EU,1999,6,36.37,74.8
Norway,NOR,EU,1999,7,,74.6
Norway,NOR,EU,1999,8,,74.2
Norway,NOR,EU,1999,9,38.91,74.9
Norway,NOR,EU,1999,10,,75.3
Norway,NOR,EU,1999,11,,75.6
Norway,NOR,EU,1999,12,43.2,75.7
Norway,NOR,EU,2000,1,,76
Norway,NOR,EU,2000,2,,76.4
Norway,NOR,EU,2000,3,44.89,76.6
Norway,NOR,EU,2000,4,,76.8
Norway,NOR,EU,2000,5,,76.9
Norway,NOR,EU,2000,6,43.71,77.4
Norway,NOR,EU,2000,7,,77.1
Norway,NOR,EU,2000,8,,76.8
Norway,NOR,EU,2000,9,46.64,77.5
Norway,NOR,EU,2000,10,,77.6
Norway,NOR,EU,2000,11,,77.9
Norway,NOR,EU,2000,12,50.61,77.8
Norway,NOR,EU,2001,1,,78.3
Norway,NOR,EU,2001,2,,79
Norway,NOR,EU,2001,3,48.34,79.2
Norway,NOR,EU,2001,4,,79.6
Norway,NOR,EU,2001,5,,80
Norway,NOR,EU,2001,6,48.51,80
Norway,NOR,EU,2001,7,,78.7
Norway,NOR,EU,2001,8,,78.5
Norway,NOR,EU,2001,9,47.97,79
Norway,NOR,EU,2001,10,,79
Norway,NOR,EU,2001,11,,78.9
Norway,NOR,EU,2001,12,49.57,79
Norway,NOR,EU,2002,1,,79
Norway,NOR,EU,2002,2,,79.3
Norway,NOR,EU,2002,3,48.17,79.6
Norway,NOR,EU,2002,4,,79.5
Norway,NOR,EU,2002,5,,79.7
Norway,NOR,EU,2002,6,52.11,79.7
Norway,NOR,EU,2002,7,,79.6
Norway,NOR,EU,2002,8,,79.3
Norway,NOR,EU,2002,9,52.08,79.9
Norway,NOR,EU,2002,10,,80
Norway,NOR,EU,2002,11,,80.3
Norway,NOR,EU,2002,12,55.7,81
Norway,NOR,EU,2003,1,,82.3
Norway,NOR,EU,2003,2,,82.5
Norway,NOR,EU,2003,3,54.02,82.1
Norway,NOR,EU,2003,4,,81.5
Norway,NOR,EU,2003,5,,81.1
Norway,NOR,EU,2003,6,48.47,80.9
Norway,NOR,EU,2003,7,,80.6
Norway,NOR,EU,2003,8,,80.7
Norway,NOR,EU,2003,9,48.77,81.1
Norway,NOR,EU,2003,10,,81.1
Norway,NOR,EU,2003,11,,81.1
Norway,NOR,EU,2003,12,51.51,81.1
Norway,NOR,EU,2004,1,,81.1
Norway,NOR,EU,2004,2,,81.3
Norway,NOR,EU,2004,3,50.38,81.7
Norway,NOR,EU,2004,4,,81.9
Norway,NOR,EU,2004,5,,81.9
Norway,NOR,EU,2004,6,51.86,81.9
Norway,NOR,EU,2004,7,,81.9
Norway,NOR,EU,2004,8,,81.6
Norway,NOR,EU,2004,9,52.61,82
Norway,NOR,EU,2004,10,,82.2
Norway,NOR,EU,2004,11,,82.2
Norway,NOR,EU,2004,12,58.33,82.1
Norway,NOR,EU,2005,1,,81.9
Norway,NOR,EU,2005,2,,82
Norway,NOR,EU,2005,3,56.55,82.4
Norway,NOR,EU,2005,4,,82.8
Norway,NOR,EU,2005,5,,83.1
Norway,NOR,EU,2005,6,60.56,83.3
Norway,NOR,EU,2005,7,,83
Norway,NOR,EU,2005,8,,83.1
Norway,NOR,EU,2005,9,62.96,83.8
Norway,NOR,EU,2005,10,,83.8
Norway,NOR,EU,2005,11,,83.8
Norway,NOR,EU,2005,12,68.6,83.7
Norway,NOR,EU,2006,1,,83.4
Norway,NOR,EU,2006,2,,84.2
Norway,NOR,EU,2006,3,68.52,84.4
Norway,NOR,EU,2006,4,,85.2
Norway,NOR,EU,2006,5,,85.2
Norway,NOR,EU,2006,6,68.5,85.1
Norway,NOR,EU,2006,7,,84.9
Norway,NOR,EU,2006,8,,84.8
Norway,NOR,EU,2006,9,67.82,86.2
Norway,NOR,EU,2006,10,,86.2
Norway,NOR,EU,2006,11,,86
Norway,NOR,EU,2006,12,70.55,85.5
Norway,NOR,EU,2007,1,,84.5
Norway,NOR,EU,2007,2,,84.9
Norway,NOR,EU,2007,3,69.42,85.5
Norway,NOR,EU,2007,4,,85.6
Norway,NOR,EU,2007,5,,85.7
Norway,NOR,EU,2007,6,69.68,85.6
Norway,NOR,EU,2007,7,,85.4
Norway,NOR,EU,2007,8,,85.4
Norway,NOR,EU,2007,9,72.47,86
Norway,NOR,EU,2007,10,,86
Norway,NOR,EU,2007,11,,86.9
Norway,NOR,EU,2007,12,81.81,87.3
Norway,NOR,EU,2008,1,,86.9
Norway,NOR,EU,2008,2,,87.5
Norway,NOR,EU,2008,3,78.73,87.9
Norway,NOR,EU,2008,4,,87.9
Norway,NOR,EU,2008,5,,88.1
Norway,NOR,EU,2008,6,82.67,88.2
Norway,NOR,EU,2008,7,,88.8
Norway,NOR,EU,2008,8,,88.8
Norway,NOR,EU,2008,9,80.99,90.1
Norway,NOR,EU,2008,10,,90.4
Norway,NOR,EU,2008,11,,89.7
Norway,NOR,EU,2008,12,75.15,89.5
Norway,NOR,EU,2009,1,,89.1
Norway,NOR,EU,2009,2,,90
Norway,NOR,EU,2009,3,66.84,90.1
Norway,NOR,EU,2009,4,,90.5
Norway,NOR,EU,2009,5,,90.7
Norway,NOR,EU,2009,6,66.84,91.3
Norway,NOR,EU,2009,7,,90.7
Norway,NOR,EU,2009,8,,90.5
Norway,NOR,EU,2009,9,68.73,91.4
Norway,NOR,EU,2009,10,,91.1
Norway,NOR,EU,2009,11,,91.4
Norway,NOR,EU,2009,12,76.09,91.6
Norway,NOR,EU,2010,1,,91.6
Norway,NOR,EU,2010,2,,92.8
Norway,NOR,EU,2010,3,78.56,93.4
Norway,NOR,EU,2010,4,,93.5
Norway,NOR,EU,2010,5,,93
Norway,NOR,EU,2010,6,80.22,92.9
Norway,NOR,EU,2010,7,,92.3
Norway,NOR,EU,2010,8,,92
Norway,NOR,EU,2010,9,78.61,92.6
Norway,NOR,EU,2010,10,,92.7
Norway,NOR,EU,2010,11,,92.9
Norway,NOR,EU,2010,12,86.34,94.1
Norway,NOR,EU,2011,1,,93.4
Norway,NOR,EU,2011,2,,93.9
Norway,NOR,EU,2011,3,88.19,94.2
Norway,NOR,EU,2011,4,,94.8
Norway,NOR,EU,2011,5,,94.5
Norway,NOR,EU,2011,6,86.3,94.1
Norway,NOR,EU,2011,7,,93.8
Norway,NOR,EU,2011,8,,93.1
Norway,NOR,EU,2011,9,88.17,94.1
Norway,NOR,EU,2011,10,,94
Norway,NOR,EU,2011,11,,94
Norway,NOR,EU,2011,12,95.71,94
Norway,NOR,EU,2012,1,,93.6
Norway,NOR,EU,2012,2,,94.8
Norway,NOR,EU,2012,3,100.15,94.6
Norway,NOR,EU,2012,4,,94.7
Norway,NOR,EU,2012,5,,94.7
Norway,NOR,EU,2012,6,96.11,94.1
Norway,NOR,EU,2012,7,,93.6
Norway,NOR,EU,2012,8,,93.1
Norway,NOR,EU,2012,9,96.08,94.2
Norway,NOR,EU,2012,10,,94.7
Norway,NOR,EU,2012,11,,94.7
Norway,NOR,EU,2012,12,104.21,95.1
Norway,NOR,EU,2013,1,,94.7
Norway,NOR,EU,2013,2,,95.4
Norway,NOR,EU,2013,3,100.68,95.7
Norway,NOR,EU,2013,4,,96.4
Norway,NOR,EU,2013,5,,96.3
Norway,NOR,EU,2013,6,99.73,95.9
Norway,NOR,EU,2013,7,,96.3
Norway,NOR,EU,2013,8,,96.2
Norway,NOR,EU,2013,9,94.85,96.7
Norway,NOR,EU,2013,10,,96.8
Norway,NOR,EU,2013,11,,97
Norway,NOR,EU,2013,12,98.57,96.8
Norway,NOR,EU,2014,1,,96.7
Norway,NOR,EU,2014,2,,97.2
Norway,NOR,EU,2014,3,95.25,97.5
Norway,NOR,EU,2014,4,,97.9
Norway,NOR,EU,2014,5,,97.9
Norway,NOR,EU,2014,6,93.9,97.6
Norway,NOR,EU,2014,7,,98.4
Norway,NOR,EU,2014,8,,98
Norway,NOR,EU,2014,9,92.23,98.6
Norway,NOR,EU,2014,10,,98.7
Norway,NOR,EU,2014,11,,98.8
Norway,NOR,EU,2014,12,94.56,98.7
Norway,NOR,EU,2015,1,,98.5
Norway,NOR,EU,2015,2,,98.9
Norway,NOR,EU,2015,3,89.17,99.2
Norway,NOR,EU,2015,4,,99.6
Norway,NOR,EU,2015,5,,99.8
Norway,NOR,EU,2015,6,91.02,100.1
Norway,NOR,EU,2015,7,,99.9
Norway,NOR,EU,2015,8,,99.7
Norway,NOR,EU,2015,9,83.48,100.5
Norway,NOR,EU,2015,10,,101.1
Norway,NOR,EU,2015,11,,101.5
Norway,NOR,EU,2015,12,84.63,101.1
Norway,NOR,EU,2016,1,,101.6
Norway,NOR,EU,2016,2,,102.2
Norway,NOR,EU,2016,3,78.73,102.8
Norway,NOR,EU,2016,4,,103.1
Norway,NOR,EU,2016,5,,103.5
Norway,NOR,EU,2016,6,83.6,104.2
Norway,NOR,EU,2016,7,,104.9
Norway,NOR,EU,2016,8,,104.2
Norway,NOR,EU,2016,9,80.14,104.6
Norway,NOR,EU,2016,10,,105.2
Norway,NOR,EU,2016,11,,105.5
Norway,NOR,EU,2016,12,91.27,104.9
Norway,NOR,EU,2017,1,,104.5
Norway,NOR,EU,2017,2,,105
Norway,NOR,EU,2017,3,92.55,105.4
Norway,NOR,EU,2017,4,,105.5
Norway,NOR,EU,2017,5,,105.8
Norway,NOR,EU,2017,6,85.64,106.2
Norway,NOR,EU,2017,7,,106.4
Norway,NOR,EU,2017,8,,105.6
Norway,NOR,EU,2017,9,84.35,106.3
Norway,NOR,EU,2017,10,,106.3
Norway,NOR,EU,2017,11,,106.6
Norway,NOR,EU,2017,12,90.77,106.5
Norway,NOR,EU,2018,1,,106.2
Norway,NOR,EU,2018,2,,107.4
Norway,NOR,EU,2018,3,89.61,107.7
Norway,NOR,EU,2018,4,,108.2
Norway,NOR,EU,2018,5,,108.2
Norway,NOR,EU,2018,6,92.24,109.1
Norway,NOR,EU,2018,7,,110.1
Norway,NOR,EU,2018,8,,109.7
Norway,NOR,EU,2018,9,90.45,110.3
Norway,NOR,EU,2018,10,,110.1
Norway,NOR,EU,2018,11,,110.7
Norway,NOR,EU,2018,12,97.98,110.7
Norway,NOR,EU,2019,1,,110
Norway,NOR,EU,2019,2,,111
Norway,NOR,EU,2019,3,92.57,111.1
Norway,NOR,EU,2019,4,,111.6
Norway,NOR,EU,2019,5,,111.3
Norway,NOR,EU,2019,6,89.85,111.4
Norway,NOR,EU,2019,7,,112.1
Norway,NOR,EU,2019,8,,111.3
Norway,NOR,EU,2019,9,86.44,111.9
Norway,NOR,EU,2019,10,,112
Norway,NOR,EU,2019,11,,112.4
Norway,NOR,EU,2019,12,92.88,112
Norway,NOR,EU,2020,1,,111.9
Norway,NOR,EU,2020,2,,111.8
Norway,NOR,EU,2020,3,85.07,111.7
Norway,NOR,EU,2020,4,,112.3
Norway,NOR,EU,2020,5,,112.5
Norway,NOR,EU,2020,6,71.7,112.8
Norway,NOR,EU,2020,7,,113.7
Norway,NOR,EU,2020,8,,113.1
Norway,NOR,EU,2020,9,77.09,113.5
Norway,NOR,EU,2020,10,,113.9
Norway,NOR,EU,2020,11,,112.9
Norway,NOR,EU,2020,12,84.43,113.6
Norway,NOR,EU,2021,1,,114.9
Norway,NOR,EU,2021,2,,115.8
Norway,NOR,EU,2021,3,89.94,115.5
Norway,NOR,EU,2021,4,,115.9
Norway,NOR,EU,2021,5,,115.7
Norway,NOR,EU,2021,6,94.27,116.2
Norway,NOR,EU,2021,7,,117.4
Norway,NOR,EU,2021,8,,117.4
Norway,NOR,EU,2021,9,99.17,118.9
Norway,NOR,EU,2021,10,,118.4
Norway,NOR,EU,2021,11,,119.5
Norway,NOR,EU,2021,12,124.67,120.5
Norway,NOR,EU,2022,1,,118.5
Norway,NOR,EU,2022,2,,119.9
Norway,NOR,EU,2022,3,127.93,120.9
Norway,NOR,EU,2022,4,,122.7
Norway,NOR,EU,2022,5,,122.9
Norway,NOR,EU,2022,6,123.91,124.3
Norway,NOR,EU,2022,7,,126
Norway,NOR,EU,2022,8,,
Norway,NOR,EU,2022,9,,
Norway,NOR,EU,2022,10,,
Norway,NOR,EU,2022,11,,
Norway,NOR,EU,2022,12,,
United Kingdom,GBR,EU,1996,1,,67.8
United Kingdom,GBR,EU,1996,2,,68.1
United Kingdom,GBR,EU,1996,3,220.98,68.4
United Kingdom,GBR,EU,1996,4,,68.7
United Kingdom,GBR,EU,1996,5,,68.9
United Kingdom,GBR,EU,1996,6,223.05,69
United Kingdom,GBR,EU,1996,7,,68.6
United Kingdom,GBR,EU,1996,8,,68.9
United Kingdom,GBR,EU,1996,9,228.78,69.3
United Kingdom,GBR,EU,1996,10,,69.3
United Kingdom,GBR,EU,1996,11,,69.3
United Kingdom,GBR,EU,1996,12,238.38,69.5
United Kingdom,GBR,EU,1997,1,,69.2
United Kingdom,GBR,EU,1997,2,,69.4
United Kingdom,GBR,EU,1997,3,234.08,69.5
United Kingdom,GBR,EU,1997,4,,69.8
United Kingdom,GBR,EU,1997,5,,70
United Kingdom,GBR,EU,1997,6,234.29,70.2
United Kingdom,GBR,EU,1997,7,,69.9
United Kingdom,GBR,EU,1997,8,,70.3
United Kingdom,GBR,EU,1997,9,241.97,70.6
United Kingdom,GBR,EU,1997,10,,70.6
United Kingdom,GBR,EU,1997,11,,70.6
United Kingdom,GBR,EU,1997,12,242.25,70.7
United Kingdom,GBR,EU,1998,1,,70.3
United Kingdom,GBR,EU,1998,2,,70.5
United Kingdom,GBR,EU,1998,3,244.21,70.7
United Kingdom,GBR,EU,1998,4,,71.1
United Kingdom,GBR,EU,1998,5,,71.4
United Kingdom,GBR,EU,1998,6,245.38,71.3
United Kingdom,GBR,EU,1998,7,,71
United Kingdom,GBR,EU,1998,8,,71.2
United Kingdom,GBR,EU,1998,9,250.5,71.5
United Kingdom,GBR,EU,1998,10,,71.5
United Kingdom,GBR,EU,1998,11,,71.6
United Kingdom,GBR,EU,1998,12,258.23,71.8
United Kingdom,GBR,EU,1999,1,,71.4
United Kingdom,GBR,EU,1999,2,,71.5
United Kingdom,GBR,EU,1999,3,258.1,71.9
United Kingdom,GBR,EU,1999,4,,72.2
United Kingdom,GBR,EU,1999,5,,72.4
United Kingdom,GBR,EU,1999,6,255.24,72.3
United Kingdom,GBR,EU,1999,7,,71.9
United Kingdom,GBR,EU,1999,8,,72.1
United Kingdom,GBR,EU,1999,9,260.53,72.4
United Kingdom,GBR,EU,1999,10,,72.3
United Kingdom,GBR,EU,1999,11,,72.4
United Kingdom,GBR,EU,1999,12,268.1,72.6
United Kingdom,GBR,EU,2000,1,,71.9
United Kingdom,GBR,EU,2000,2,,72.2
United Kingdom,GBR,EU,2000,3,270.84,72.3
United Kingdom,GBR,EU,2000,4,,72.6
United Kingdom,GBR,EU,2000,5,,72.8
United Kingdom,GBR,EU,2000,6,270.57,72.9
United Kingdom,GBR,EU,2000,7,,72.5
United Kingdom,GBR,EU,2000,8,,72.5
United Kingdom,GBR,EU,2000,9,276.63,73.1
United Kingdom,GBR,EU,2000,10,,73.1
United Kingdom,GBR,EU,2000,11,,73.2
United Kingdom,GBR,EU,2000,12,280.46,73.2
United Kingdom,GBR,EU,2001,1,,72.6
United Kingdom,GBR,EU,2001,2,,72.7
United Kingdom,GBR,EU,2001,3,282.69,73
United Kingdom,GBR,EU,2001,4,,73.4
United Kingdom,GBR,EU,2001,5,,74
United Kingdom,GBR,EU,2001,6,282.58,74.1
United Kingdom,GBR,EU,2001,7,,73.6
United Kingdom,GBR,EU,2001,8,,73.9
United Kingdom,GBR,EU,2001,9,286.65,74.1
United Kingdom,GBR,EU,2001,10,,73.9
United Kingdom,GBR,EU,2001,11,,73.8
United Kingdom,GBR,EU,2001,12,290.1,74
United Kingdom,GBR,EU,2002,1,,73.7
United Kingdom,GBR,EU,2002,2,,73.8
United Kingdom,GBR,EU,2002,3,291.91,74.1
United Kingdom,GBR,EU,2002,4,,74.4
United Kingdom,GBR,EU,2002,5,,74.6
United Kingdom,GBR,EU,2002,6,292.88,74.6
United Kingdom,GBR,EU,2002,7,,74.4
United Kingdom,GBR,EU,2002,8,,74.6
United Kingdom,GBR,EU,2002,9,299.9,74.8
United Kingdom,GBR,EU,2002,10,,74.9
United Kingdom,GBR,EU,2002,11,,74.9
United Kingdom,GBR,EU,2002,12,305.65,75.2
United Kingdom,GBR,EU,2003,1,,74.7
United Kingdom,GBR,EU,2003,2,,75
United Kingdom,GBR,EU,2003,3,310.09,75.3
United Kingdom,GBR,EU,2003,4,,75.5
United Kingdom,GBR,EU,2003,5,,75.5
United Kingdom,GBR,EU,2003,6,308.27,75.4
United Kingdom,GBR,EU,2003,7,,75.3
United Kingdom,GBR,EU,2003,8,,75.6
United Kingdom,GBR,EU,2003,9,316.96,75.9
United Kingdom,GBR,EU,2003,10,,76
United Kingdom,GBR,EU,2003,11,,75.9
United Kingdom,GBR,EU,2003,12,324.65,76.2
United Kingdom,GBR,EU,2004,1,,75.8
United Kingdom,GBR,EU,2004,2,,76
United Kingdom,GBR,EU,2004,3,326.02,76.1
United Kingdom,GBR,EU,2004,4,,76.4
United Kingdom,GBR,EU,2004,5,,76.6
United Kingdom,GBR,EU,2004,6,325.34,76.6
United Kingdom,GBR,EU,2004,7,,76.4
United Kingdom,GBR,EU,2004,8,,76.6
United Kingdom,GBR,EU,2004,9,332.61,76.7
United Kingdom,GBR,EU,2004,10,,76.9
United Kingdom,GBR,EU,2004,11,,77
United Kingdom,GBR,EU,2004,12,338.82,77.4
United Kingdom,GBR,EU,2005,1,,77
United Kingdom,GBR,EU,2005,2,,77.2
United Kingdom,GBR,EU,2005,3,345.08,77.5
United Kingdom,GBR,EU,2005,4,,77.8
United Kingdom,GBR,EU,2005,5,,78.1
United Kingdom,GBR,EU,2005,6,344.89,78.1
United Kingdom,GBR,EU,2005,7,,78.2
United Kingdom,GBR,EU,2005,8,,78.4
United Kingdom,GBR,EU,2005,9,349.61,78.6
United Kingdom,GBR,EU,2005,10,,78.7
United Kingdom,GBR,EU,2005,11,,78.7
United Kingdom,GBR,EU,2005,12,360.08,78.9
United Kingdom,GBR,EU,2006,1,,78.5
United Kingdom,GBR,EU,2006,2,,78.8
United Kingdom,GBR,EU,2006,3,368.79,78.9
United Kingdom,GBR,EU,2006,4,,79.4
United Kingdom,GBR,EU,2006,5,,79.9
United Kingdom,GBR,EU,2006,6,361.47,80.1
United Kingdom,GBR,EU,2006,7,,80
United Kingdom,GBR,EU,2006,8,,80.4
United Kingdom,GBR,EU,2006,9,370.99,80.5
United Kingdom,GBR,EU,2006,10,,80.6
United Kingdom,GBR,EU,2006,11,,80.8
United Kingdom,GBR,EU,2006,12,375.48,81.3
United Kingdom,GBR,EU,2007,1,,80.6
United Kingdom,GBR,EU,2007,2,,81
United Kingdom,GBR,EU,2007,3,386.29,81.4
United Kingdom,GBR,EU,2007,4,,81.6
United Kingdom,GBR,EU,2007,5,,81.8
United Kingdom,GBR,EU,2007,6,379.09,82
United Kingdom,GBR,EU,2007,7,,81.5
United Kingdom,GBR,EU,2007,8,,81.8
United Kingdom,GBR,EU,2007,9,390.57,81.9
United Kingdom,GBR,EU,2007,10,,82.3
United Kingdom,GBR,EU,2007,11,,82.5
United Kingdom,GBR,EU,2007,12,396.52,83
United Kingdom,GBR,EU,2008,1,,82.4
United Kingdom,GBR,EU,2008,2,,83
United Kingdom,GBR,EU,2008,3,406.6,83.4
United Kingdom,GBR,EU,2008,4,,84
United Kingdom,GBR,EU,2008,5,,84.6
United Kingdom,GBR,EU,2008,6,397.16,85.2
United Kingdom,GBR,EU,2008,7,,85.1
United Kingdom,GBR,EU,2008,8,,85.7
United Kingdom,GBR,EU,2008,9,397.67,86.1
United Kingdom,GBR,EU,2008,10,,85.9
United Kingdom,GBR,EU,2008,11,,85.8
United Kingdom,GBR,EU,2008,12,397.33,85.5
United Kingdom,GBR,EU,2009,1,,84.9
United Kingdom,GBR,EU,2009,2,,85.6
United Kingdom,GBR,EU,2009,3,391.69,85.8
United Kingdom,GBR,EU,2009,4,,86
United Kingdom,GBR,EU,2009,5,,86.4
United Kingdom,GBR,EU,2009,6,383.09,86.7
United Kingdom,GBR,EU,2009,7,,86.7
United Kingdom,GBR,EU,2009,8,,87
United Kingdom,GBR,EU,2009,9,390.03,87.1
United Kingdom,GBR,EU,2009,10,,87.2
United Kingdom,GBR,EU,2009,11,,87.5
United Kingdom,GBR,EU,2009,12,392.3,88
United Kingdom,GBR,EU,2010,1,,87.8
United Kingdom,GBR,EU,2010,2,,88.2
United Kingdom,GBR,EU,2010,3,401.29,88.7
United Kingdom,GBR,EU,2010,4,,89.2
United Kingdom,GBR,EU,2010,5,,89.4
United Kingdom,GBR,EU,2010,6,398.86,89.5
United Kingdom,GBR,EU,2010,7,,89.3
United Kingdom,GBR,EU,2010,8,,89.8
United Kingdom,GBR,EU,2010,9,401.97,89.8
United Kingdom,GBR,EU,2010,10,,90
United Kingdom,GBR,EU,2010,11,,90.3
United Kingdom,GBR,EU,2010,12,410.07,91.2
United Kingdom,GBR,EU,2011,1,,91.3
United Kingdom,GBR,EU,2011,2,,92
United Kingdom,GBR,EU,2011,3,420.32,92.2
United Kingdom,GBR,EU,2011,4,,93.2
United Kingdom,GBR,EU,2011,5,,93.4
United Kingdom,GBR,EU,2011,6,409.2,93.3
United Kingdom,GBR,EU,2011,7,,93.3
United Kingdom,GBR,EU,2011,8,,93.8
United Kingdom,GBR,EU,2011,9,414.69,94.4
United Kingdom,GBR,EU,2011,10,,94.5
United Kingdom,GBR,EU,2011,11,,94.6
United Kingdom,GBR,EU,2011,12,425.3,95.1
United Kingdom,GBR,EU,2012,1,,94.6
United Kingdom,GBR,EU,2012,2,,95.1
United Kingdom,GBR,EU,2012,3,429.59,95.4
United Kingdom,GBR,EU,2012,4,,96
United Kingdom,GBR,EU,2012,5,,95.9
United Kingdom,GBR,EU,2012,6,421.75,95.5
United Kingdom,GBR,EU,2012,7,,95.6
United Kingdom,GBR,EU,2012,8,,96.1
United Kingdom,GBR,EU,2012,9,430.56,96.5
United Kingdom,GBR,EU,2012,10,,97
United Kingdom,GBR,EU,2012,11,,97.2
United Kingdom,GBR,EU,2012,12,439.46,97.6
United Kingdom,GBR,EU,2013,1,,97.1
United Kingdom,GBR,EU,2013,2,,97.8
United Kingdom,GBR,EU,2013,3,442.82,98.1
United Kingdom,GBR,EU,2013,4,,98.3
United Kingdom,GBR,EU,2013,5,,98.5
United Kingdom,GBR,EU,2013,6,442.33,98.3
United Kingdom,GBR,EU,2013,7,,98.3
United Kingdom,GBR,EU,2013,8,,98.7
United Kingdom,GBR,EU,2013,9,447.24,99.1
United Kingdom,GBR,EU,2013,10,,99.1
United Kingdom,GBR,EU,2013,11,,99.2
United Kingdom,GBR,EU,2013,12,460.77,99.6
United Kingdom,GBR,EU,2014,1,,99
United Kingdom,GBR,EU,2014,2,,99.5
United Kingdom,GBR,EU,2014,3,467.55,99.7
United Kingdom,GBR,EU,2014,4,,100.1
United Kingdom,GBR,EU,2014,5,,100
United Kingdom,GBR,EU,2014,6,464.9,100.2
United Kingdom,GBR,EU,2014,7,,99.9
United Kingdom,GBR,EU,2014,8,,100.2
United Kingdom,GBR,EU,2014,9,466.99,100.3
United Kingdom,GBR,EU,2014,10,,100.4
United Kingdom,GBR,EU,2014,11,,100.1
United Kingdom,GBR,EU,2014,12,476.72,100.1
United Kingdom,GBR,EU,2015,1,,99.3
United Kingdom,GBR,EU,2015,2,,99.5
United Kingdom,GBR,EU,2015,3,479.77,99.7
United Kingdom,GBR,EU,2015,4,,99.9
United Kingdom,GBR,EU,2015,5,,100.1
United Kingdom,GBR,EU,2015,6,481.29,100.2
United Kingdom,GBR,EU,2015,7,,100
United Kingdom,GBR,EU,2015,8,,100.3
United Kingdom,GBR,EU,2015,9,481.59,100.2
United Kingdom,GBR,EU,2015,10,,100.3
United Kingdom,GBR,EU,2015,11,,100.3
United Kingdom,GBR,EU,2015,12,492.56,100.3
United Kingdom,GBR,EU,2016,1,,99.5
United Kingdom,GBR,EU,2016,2,,99.8
United Kingdom,GBR,EU,2016,3,497.93,100.2
United Kingdom,GBR,EU,2016,4,,100.2
United Kingdom,GBR,EU,2016,5,,100.4
United Kingdom,GBR,EU,2016,6,500.68,100.6
United Kingdom,GBR,EU,2016,7,,100.6
United Kingdom,GBR,EU,2016,8,,100.9
United Kingdom,GBR,EU,2016,9,500.65,101.1
United Kingdom,GBR,EU,2016,10,,101.2
United Kingdom,GBR,EU,2016,11,,101.4
United Kingdom,GBR,EU,2016,12,517.39,101.9
United Kingdom,GBR,EU,2017,1,,101.4
United Kingdom,GBR,EU,2017,2,,102.1
United Kingdom,GBR,EU,2017,3,521.09,102.5
United Kingdom,GBR,EU,2017,4,,102.9
United Kingdom,GBR,EU,2017,5,,103.3
United Kingdom,GBR,EU,2017,6,517.56,103.3
United Kingdom,GBR,EU,2017,7,,103.2
United Kingdom,GBR,EU,2017,8,,103.8
United Kingdom,GBR,EU,2017,9,520.38,104.1
United Kingdom,GBR,EU,2017,10,,104.2
United Kingdom,GBR,EU,2017,11,,104.6
United Kingdom,GBR,EU,2017,12,538.11,104.9
United Kingdom,GBR,EU,2018,1,,104.4
United Kingdom,GBR,EU,2018,2,,104.9
United Kingdom,GBR,EU,2018,3,535.69,105
United Kingdom,GBR,EU,2018,4,,105.4
United Kingdom,GBR,EU,2018,5,,105.8
United Kingdom,GBR,EU,2018,6,536.62,105.8
United Kingdom,GBR,EU,2018,7,,105.8
United Kingdom,GBR,EU,2018,8,,106.5
United Kingdom,GBR,EU,2018,9,542.78,106.6
United Kingdom,GBR,EU,2018,10,,106.7
United Kingdom,GBR,EU,2018,11,,107
United Kingdom,GBR,EU,2018,12,559.3,107.1
United Kingdom,GBR,EU,2019,1,,106.3
United Kingdom,GBR,EU,2019,2,,106.8
United Kingdom,GBR,EU,2019,3,561.01,107
United Kingdom,GBR,EU,2019,4,,107.6
United Kingdom,GBR,EU,2019,5,,107.9
United Kingdom,GBR,EU,2019,6,554.26,107.9
United Kingdom,GBR,EU,2019,7,,107.9
United Kingdom,GBR,EU,2019,8,,108.4
United Kingdom,GBR,EU,2019,9,563.28,108.5
United Kingdom,GBR,EU,2019,10,,108.3
United Kingdom,GBR,EU,2019,11,,108.5
United Kingdom,GBR,EU,2019,12,576.73,108.5
United Kingdom,GBR,EU,2020,1,,108.2
United Kingdom,GBR,EU,2020,2,,108.6
United Kingdom,GBR,EU,2020,3,566.34,108.6
United Kingdom,GBR,EU,2020,4,,108.5
United Kingdom,GBR,EU,2020,5,,108.5
United Kingdom,GBR,EU,2020,6,484.18,108.6
United Kingdom,GBR,EU,2020,7,,109.1
United Kingdom,GBR,EU,2020,8,,108.6
United Kingdom,GBR,EU,2020,9,537.15,109.1
United Kingdom,GBR,EU,2020,10,,109.1
United Kingdom,GBR,EU,2020,11,,108.9
United Kingdom,GBR,EU,2020,12,562.71,
United Kingdom,GBR,EU,2021,1,,
United Kingdom,GBR,EU,2021,2,,
United Kingdom,GBR,EU,2021,3,556.96,
United Kingdom,GBR,EU,2021,4,,
United Kingdom,GBR,EU,2021,5,,
United Kingdom,GBR,EU,2021,6,572.75,
United Kingdom,GBR,EU,2021,7,,
United Kingdom,GBR,EU,2021,8,,
United Kingdom,GBR,EU,2021,9,579.64,
United Kingdom,GBR,EU,2021,10,,
United Kingdom,GBR,EU,2021,11,,
United Kingdom,GBR,EU,2021,12,607.72,
United Kingdom,GBR,EU,2022,1,,
United Kingdom,GBR,EU,2022,2,,
United Kingdom,GBR,EU,2022,3,607.98,
United Kingdom,GBR,EU,2022,4,,
United Kingdom,GBR,EU,2022,5,,
United Kingdom,GBR,EU,2022,6,,
United Kingdom,GBR,EU,2022,7,,
United Kingdom,GBR,EU,2022,8,,
United Kingdom,GBR,EU,2022,9,,
United Kingdom,GBR,EU,2022,10,,
United Kingdom,GBR,EU,2022,11,,
United Kingdom,GBR,EU,2022,12,,
